-- phpMyAdmin SQL Dump
-- version 4.5.1
-- http://www.phpmyadmin.net
--
-- Host: 127.0.0.1
-- Generation Time: Oct 05, 2016 at 12:41 PM
-- Server version: 10.1.16-MariaDB
-- PHP Version: 5.6.24

SET SQL_MODE = "NO_AUTO_VALUE_ON_ZERO";
SET time_zone = "+00:00";


/*!40101 SET @OLD_CHARACTER_SET_CLIENT=@@CHARACTER_SET_CLIENT */;
/*!40101 SET @OLD_CHARACTER_SET_RESULTS=@@CHARACTER_SET_RESULTS */;
/*!40101 SET @OLD_COLLATION_CONNECTION=@@COLLATION_CONNECTION */;
/*!40101 SET NAMES utf8mb4 */;

--
-- Database: `plm_crs`
--

-- --------------------------------------------------------

--
-- Table structure for table `tbl_admin`
--

CREATE TABLE `tbl_admin` (
  `admin_id` varchar(6) NOT NULL,
  `admin_lname` varchar(25) NOT NULL,
  `admin_fname` varchar(25) NOT NULL,
  `admin_mname` varchar(25) NOT NULL
) ENGINE=InnoDB DEFAULT CHARSET=latin1;

--
-- Dumping data for table `tbl_admin`
--

INSERT INTO `tbl_admin` (`admin_id`, `admin_lname`, `admin_fname`, `admin_mname`) VALUES
('ADM001', 'De Jesus', 'Maria Leonora', 'Veritas');

-- --------------------------------------------------------

--
-- Table structure for table `tbl_classes`
--

CREATE TABLE `tbl_classes` (
  `class_id` varchar(15) NOT NULL,
  `subject_code` varchar(15) NOT NULL,
  `faculty_id` varchar(6) NOT NULL,
  `room_id` varchar(6) NOT NULL,
  `time_start` varchar(20) NOT NULL,
  `time_end` varchar(20) NOT NULL,
  `class_day` varchar(10) NOT NULL,
  `section` int(5) NOT NULL,
  `acad_year` int(4) NOT NULL,
  `sem` int(1) NOT NULL
) ENGINE=InnoDB DEFAULT CHARSET=latin1;

--
-- Dumping data for table `tbl_classes`
--

INSERT INTO `tbl_classes` (`class_id`, `subject_code`, `faculty_id`, `room_id`, `time_start`, `time_end`, `class_day`, `section`, `acad_year`, `sem`) VALUES
('CLS1-1', 'ITD 101', 'FAC101', 'ROM001', '7:00 AM', '8:30 AM', 'Monday', 1, 2013, 1),
('CLS1-10', 'CSC 211', 'FAC106', 'ROM002', '6:00 PM', '7:30 PM', 'Wednesday', 1, 2014, 2),
('CLS1-11', 'CSC 211.1', 'FAC106', 'ROM003', '2:00 PM', '3:30 PM', 'Wednesday', 1, 2014, 2),
('CLS1-12', 'ESC 223', 'FAC202', 'ROM011', '1:00 PM', '2:30 PM', 'Thursday', 1, 2014, 2),
('CLS1-13', 'CSC 311', 'FAC103', 'ROM012', '12:30 PM', '2:00 PM', 'Friday', 1, 2015, 1),
('CLS1-14', 'ITD 312', 'FAC105', 'ROM013', '9:00 AM', '12:00 PM', 'Saturday', 1, 2015, 1),
('CLS1-15', 'ITD 313', 'FAC106', 'ROM005', '8:30 AM', '10:00 AM', 'Monday', 1, 2015, 1),
('CLS1-16', 'ITD 321', 'FAC101', 'ROM002', '4:00 PM', '6:00 PM', 'Tuesday', 1, 2015, 2),
('CLS1-17', 'ITD 321.1', 'FAC101', 'ROM003', '6:00 PM', '9:00 PM', 'Tuesday', 1, 2015, 2),
('CLS1-18', 'PS 303', 'FAC206', 'ROM005', '6:00 PM', '9:00 PM', 'Thursday', 1, 2015, 2),
('CLS1-19', 'ITD 401', 'FAC103', 'ROM002', '5:00 PM', '7:00 PM', 'Friday', 1, 2016, 1),
('CLS1-2', 'ESC 102', 'FAC202', 'ROM005', '10:30 AM', '12:00 PM', 'Tuesday', 1, 2013, 1),
('CLS1-20', 'ITD 401.1', 'FAC103', 'ROM003', '8:00 AM', '11:00 AM', 'Saturday', 1, 2016, 1),
('CLS1-21', 'ITD 400', 'FAC104', 'ROM004', '7:00 AM', '10:00 AM', 'Monday', 1, 2016, 1),
('CLS1-3', 'FIL 103', 'FAC204', 'ROM008', '2:00 PM', '5:00 PM', 'Wednesday', 1, 2013, 1),
('CLS1-4', 'CSC 104', 'FAC104', 'ROM007', '3:00 PM', '4:30 PM', 'Thursday', 1, 2013, 2),
('CLS1-5', 'ENG 105', 'FAC103', 'ROM009', '5:00 PM', '6:30 PM', 'Friday', 1, 2013, 2),
('CLS1-6', 'ESC 106', 'FAC201', 'ROM010', '2:00 PM', '4:00 PM', 'Saturday', 1, 2013, 2),
('CLS1-7', 'CSC 201', 'FAC101', 'ROM002', '10:00 AM', '12:00 PM', 'Monday', 1, 2014, 1),
('CLS1-8', 'CSC 201.1', 'FAC101', 'ROM003', '1:00 PM', '4:00 PM', 'Monday', 1, 2014, 1),
('CLS1-9', 'ESC 213', 'FAC203', 'ROM010', '7:00 AM', '12:00 PM', 'Tuesday', 1, 2014, 1),
('CLS10001', 'ITD 101', 'FAC103', 'ROM006', '2:00 PM', '3:30 PM', 'Thursday', 2, 2013, 1),
('CLS10002', 'ESC 102', 'FAC102', 'ROM006', '6:30 PM', '7:30 PM', 'Friday', 2, 2013, 1),
('CLS10003', 'FIL 103', 'FAC204', 'ROM010', '6:00 PM', '9:00 PM', 'Saturday', 2, 2013, 1),
('CLS10004', 'CSC 104', 'FAC104', 'ROM004', '7:30 PM', '9:00 PM', 'Monday', 2, 2013, 2),
('CLS10005', 'ENG 105', 'FAC203', 'ROM005', '7:00 AM', '8:30 AM', 'Tuesday', 2, 2013, 2),
('CLS10006', 'ESC 106', 'FAC102', 'ROM006', '6:00 PM', '8:00 PM', 'Wednesday', 2, 2013, 2),
('CLS10007', 'CSC 201', 'FAC105', 'ROM002', '7:00 AM', '8:30 AM', 'Friday', 2, 2014, 1),
('CLS10008', 'CSC 201.1', 'FAC105', 'ROM002', '10:00 AM', '12:00 PM', 'Friday', 2, 2014, 1),
('CLS10009', 'ESC 213', 'FAC203', 'ROM010', '1:00 PM', '4:00 PM', 'Tuesday', 2, 2014, 1),
('CLS10010', 'CSC 211', 'FAC106', 'ROM003', '8:00 AM', '10:00 AM', 'Monday', 2, 2014, 2),
('CLS10011', 'CSC 211.1', 'FAC106', 'ROM003', '1:00 PM', '4:00 PM', 'Monday', 2, 2014, 2),
('CLS10012', 'ESC 223', 'FAC203', 'ROM006', '3:00 PM', '4:30 PM', 'Friday', 2, 2014, 2),
('CLS10013', 'CSC 311', 'FAC105', 'ROM012', '6:30 PM', '8:00 PM', 'Thursday', 2, 2015, 1),
('CLS10014', 'ITD 312', 'FAC104', 'ROM005', '4:00 PM', '5:30 PM', 'Thursday', 2, 2015, 1),
('CLS10015', 'ITD 313', 'FAC106', 'ROM013', '1:00 PM', '2:30 PM', 'Monday', 2, 2015, 1),
('CLS10016', 'ITD 321', 'FAC102', 'ROM002', '10:00 AM', '12:00 PM', 'Wednesday', 2, 2015, 2),
('CLS10017', 'ITD 321.1', 'FAC102', 'ROM002', '1:00 PM', '3:00 PM', 'Wednesday', 2, 2015, 2),
('CLS10018', 'PS 303', 'FAC206', 'ROM005', '6:00 PM', '9:00 PM', 'Friday', 2, 2015, 2),
('CLS10019', 'ITD 401', 'FAC105', 'ROM001', '10:00 AM', '12:00 PM', 'Monday', 2, 2016, 1),
('CLS10020', 'ITD 401.1', 'FAC104', 'ROM008', '6:00 PM', '9:00 PM', 'Tuesday', 2, 2016, 1),
('CLS10021', 'ITD 400', 'FAC106', 'ROM009', '8:00 AM', '10:00 AM', 'Wednesday', 2, 2016, 1),
('CLS2-1', 'ITD 101', '', '', '', '', '', 1, 2014, 1),
('CLS2-10', 'CSC 211', '', '', '', '', '', 1, 2015, 2),
('CLS2-11', 'CSC 211.1', '', '', '', '', '', 1, 2015, 2),
('CLS2-12', 'ESC 223', '', '', '', '', '', 1, 2015, 2),
('CLS2-13', 'CSC 311', '', '', '', '', '', 1, 2016, 1),
('CLS2-14', 'CSC 221', '', '', '', '', '', 1, 2016, 1),
('CLS2-15', 'CSC 221.1', '', '', '', '', '', 1, 2016, 1),
('CLS2-2', 'ESC 102', '', '', '', '', '', 1, 2014, 1),
('CLS2-3', 'FIL 103', '', '', '', '', '', 1, 2014, 1),
('CLS2-4', 'CSC 104', '', '', '', '', '', 1, 2014, 2),
('CLS2-5', 'ENG 105', '', '', '', '', '', 1, 2014, 2),
('CLS2-6', 'ESC 106', '', '', '', '', '', 1, 2014, 2),
('CLS2-7', 'CSC 201', '', '', '', '', '', 1, 2015, 1),
('CLS2-8', 'CSC 201.1', '', '', '', '', '', 1, 2015, 1),
('CLS2-9', 'ESC 213', '', '', '', '', '', 1, 2015, 1),
('CLS20001', 'ITD 101', '', '', '', '', '', 2, 2014, 1),
('CLS200010', 'CSC 211', '', '', '', '', '', 2, 2015, 2),
('CLS20002', 'ESC 102', '', '', '', '', '', 2, 2014, 1),
('CLS20003', 'FIL 103', '', '', '', '', '', 2, 2014, 1),
('CLS20004', 'CSC 104', '', '', '', '', '', 2, 2014, 2),
('CLS20005', 'ENG 105', '', '', '', '', '', 2, 2014, 2),
('CLS20006', 'ESC 106', '', '', '', '', '', 2, 2014, 2),
('CLS20007', 'CSC 201', '', '', '', '', '', 2, 2015, 1),
('CLS20008', 'CSC 201.1', '', '', '', '', '', 2, 2015, 1),
('CLS20009', 'ESC 213', '', '', '', '', '', 2, 2015, 1),
('CLS20011', 'CSC 211.1', '', '', '', '', '', 2, 2015, 2),
('CLS20012', 'ESC 223', '', '', '', '', '', 2, 2015, 2),
('CLS20013', 'CSC 311', '', '', '', '', '', 2, 2016, 1),
('CLS20014', 'CSC 221', '', '', '', '', '', 2, 2016, 1),
('CLS20015', 'CSC 221.1', '', '', '', '', '', 2, 2016, 1),
('CLS3-1', 'ENG 101', '', '', '', '', '', 1, 2015, 1),
('CLS3-2', 'CHE 101', '', '', '', '', '', 1, 2015, 1),
('CLS3-3', 'CHE 101.1', '', '', '', '', '', 1, 2015, 1),
('CLS3-4', 'ESC 101', '', '', '', '', '', 1, 2015, 2),
('CLS3-5', 'CHE 111', '', '', '', '', '', 1, 2015, 2),
('CLS3-6', 'CHE 111.1', '', '', '', '', '', 1, 2015, 2),
('CLS3-7', 'ENG 201', '', '', '', '', '', 1, 2016, 1),
('CLS3-8', 'ESC 103', '', '', '', '', '', 1, 2016, 1),
('CLS3-9', 'PS 201', '', '', '', '', '', 1, 2016, 1),
('CLS30001', 'ENG 101', '', '', '', '', '', 2, 2015, 1),
('CLS30002', 'CHE 101', '', '', '', '', '', 2, 2015, 1),
('CLS30003', 'CHE 101.1', '', '', '', '', '', 2, 2015, 1),
('CLS30004', 'ESC 101', '', '', '', '', '', 2, 2015, 2),
('CLS30005', 'CHE 111', '', '', '', '', '', 2, 2015, 2),
('CLS30006', '	 CHE 111.1', '', '', '', '', '', 2, 2015, 2),
('CLS30007', 'ENG 201', '', '', '', '', '', 2, 2016, 1),
('CLS30008', 'ESC 103', '', '', '', '', '', 2, 2016, 1),
('CLS30009', 'PS 201', '', '', '', '', '', 2, 2016, 1),
('CLS4-1', 'ENG 102', '', '', '', '', '', 1, 2016, 1),
('CLS4-2', 'PHY 101', '', '', '', '', '', 1, 2016, 1),
('CLS4-3', 'PHY 101.1', '', '', '', '', '', 1, 2016, 1),
('CLS40001', 'ENG 102', '', '', '', '', '', 2, 2016, 1),
('CLS40002', 'PHY 101', '', '', '', '', '', 2, 2016, 1),
('CLS40003', 'PHY 101.1', '', '', '', '', '', 2, 2016, 1);

-- --------------------------------------------------------

--
-- Table structure for table `tbl_cog`
--

CREATE TABLE `tbl_cog` (
  `faculty_id` varchar(6) NOT NULL,
  `class_id` varchar(6) NOT NULL,
  `student_id` int(9) NOT NULL,
  `old_grade` float(3,2) NOT NULL,
  `new_grade` float(3,2) NOT NULL,
  `change_on` datetime(6) NOT NULL
) ENGINE=InnoDB DEFAULT CHARSET=latin1;

-- --------------------------------------------------------

--
-- Table structure for table `tbl_college`
--

CREATE TABLE `tbl_college` (
  `college_id` varchar(6) NOT NULL,
  `college_code` varchar(20) NOT NULL,
  `college_title` varchar(75) NOT NULL,
  `faculty_id` varchar(6) NOT NULL
) ENGINE=InnoDB DEFAULT CHARSET=latin1;

--
-- Dumping data for table `tbl_college`
--

INSERT INTO `tbl_college` (`college_id`, `college_code`, `college_title`, `faculty_id`) VALUES
('COL001', 'CET', 'College of Engineering and Technology', 'FACDN1'),
('COL002', 'CHASS', 'College of Humanities and Social Sciences', 'FACDN2');

-- --------------------------------------------------------

--
-- Table structure for table `tbl_department`
--

CREATE TABLE `tbl_department` (
  `dept_id` varchar(6) NOT NULL,
  `dept_code` varchar(10) NOT NULL,
  `dept_title` varchar(75) NOT NULL,
  `college_id` varchar(6) NOT NULL,
  `faculty_id` varchar(6) NOT NULL
) ENGINE=InnoDB DEFAULT CHARSET=latin1;

--
-- Dumping data for table `tbl_department`
--

INSERT INTO `tbl_department` (`dept_id`, `dept_code`, `dept_title`, `college_id`, `faculty_id`) VALUES
('DPT011', 'ITD', 'Information Technology Department', 'COL001', 'FACCP1'),
('DPT012', 'CSD', 'Computer Science Department', 'COL001', 'FACCP2'),
('DPT021', 'HD', 'Humanities Department', 'COL002', 'FACCP3'),
('DPT022', 'SSD', 'Social Studies Department', 'COL002', 'FACCP4');

-- --------------------------------------------------------

--
-- Table structure for table `tbl_designation`
--

CREATE TABLE `tbl_designation` (
  `designation_id` varchar(6) NOT NULL,
  `title` varchar(20) NOT NULL
) ENGINE=InnoDB DEFAULT CHARSET=latin1;

--
-- Dumping data for table `tbl_designation`
--

INSERT INTO `tbl_designation` (`designation_id`, `title`) VALUES
('LVL001', 'Faculty'),
('LVL002', 'Chairperson'),
('LVL003', 'Dean'),
('LVL004', 'VPAA'),
('LVL005', 'Admin');

-- --------------------------------------------------------

--
-- Table structure for table `tbl_faculty`
--

CREATE TABLE `tbl_faculty` (
  `faculty_id` varchar(6) NOT NULL,
  `faculty_lname` varchar(20) NOT NULL,
  `faculty_fname` varchar(20) NOT NULL,
  `faculty_mname` varchar(20) NOT NULL,
  `dept_id` varchar(6) NOT NULL,
  `designation_id` varchar(6) NOT NULL
) ENGINE=InnoDB DEFAULT CHARSET=latin1;

--
-- Dumping data for table `tbl_faculty`
--

INSERT INTO `tbl_faculty` (`faculty_id`, `faculty_lname`, `faculty_fname`, `faculty_mname`, `dept_id`, `designation_id`) VALUES
('FAC101', 'Ocampo', 'Leisly', 'Marcelo', 'DPT011', 'LVL001'),
('FAC102', 'Centeno', 'Cassiely', 'Flores', 'DPT011', 'LVL001'),
('FAC103', 'Rasuman', 'Yasmin', 'Paterno', 'DPT011', 'LVL001'),
('FAC104', 'Cortez', 'Dan Michael', 'Asuncion', 'DPT012', 'LVL001'),
('FAC105', 'Ramos', 'Ronnel', 'Malakas', 'DPT012', 'LVL001'),
('FAC106', 'Dela Merced', 'Shirley', 'Fe', 'DPT012', 'LVL001'),
('FAC201', 'Diansuy', 'Aileen', 'Malong', 'DPT021', 'LVL001'),
('FAC202', 'Macasieb', 'Josephine', 'Falip', 'DPT021', 'LVL001'),
('FAC203', 'Perez', 'Angeline', 'Ferrer', 'DPT021', 'LVL001'),
('FAC204', 'Atienza', 'Lito', 'Folk', 'DPT022', 'LVL001'),
('FAC205', 'Larracas', 'Ruth', 'Marjalino', 'DPT022', 'LVL001'),
('FAC206', 'Taroma', 'Violeta', 'Catan', 'DPT022', 'LVL001'),
('FACCP1', 'Molina', 'Charito', 'Augustin', 'DPT011', 'LVL002'),
('FACCP2', 'Mata', 'Maja', 'Poe', 'DPT012', 'LVL002'),
('FACCP3', 'Estrella', 'Fatima', 'Loyola', 'DPT021', 'LVL002'),
('FACCP4', 'Flores', 'Ronald', 'Fajardo', 'DPT022', 'LVL002'),
('FACDN1', 'Marcelo', 'Erwin', 'Garcia', 'DPT011', 'LVL003'),
('FACDN2', 'Joson', 'Rosario', 'Garcia', 'DPT021', 'LVL003');

-- --------------------------------------------------------

--
-- Table structure for table `tbl_faculty_passcode`
--

CREATE TABLE `tbl_faculty_passcode` (
  `faculty_id` varchar(6) NOT NULL,
  `passcode` varchar(50) NOT NULL
) ENGINE=InnoDB DEFAULT CHARSET=latin1;

--
-- Dumping data for table `tbl_faculty_passcode`
--

INSERT INTO `tbl_faculty_passcode` (`faculty_id`, `passcode`) VALUES
('FAC101', 'DEFAULT'),
('FAC102', 'DEFAULT'),
('FAC103', 'DEFAULT'),
('FAC104', 'DEFAULT'),
('FAC105', 'DEFAULT'),
('FAC106', 'DEFAULT'),
('FAC201', 'DEFAULT'),
('FAC202', 'DEFAULT'),
('FAC203', 'DEFAULT'),
('FAC204', 'DEFAULT'),
('FAC205', 'DEFAULT'),
('FAC206', 'DEFAULT'),
('FACCP1', 'DEFAULT'),
('FACCP2', 'DEFAULT'),
('FACCP3', 'DEFAULT'),
('FACCP4', 'DEFAULT'),
('FACDN1', 'DEFAULT'),
('FACDN2', 'DEFAULT'),
('VPAA01', 'DEFAULT');

-- --------------------------------------------------------

--
-- Table structure for table `tbl_grades`
--

CREATE TABLE `tbl_grades` (
  `student_id` int(9) NOT NULL,
  `class_id` varchar(15) NOT NULL,
  `grades` varchar(5) NOT NULL,
  `remark` varchar(6) NOT NULL,
  `acad_year` int(4) NOT NULL,
  `sem` int(1) NOT NULL,
  `completion_grade` float(3,2) NOT NULL,
  `wala_to` int(5) NOT NULL
) ENGINE=InnoDB DEFAULT CHARSET=latin1;

--
-- Dumping data for table `tbl_grades`
--

INSERT INTO `tbl_grades` (`student_id`, `class_id`, `grades`, `remark`, `acad_year`, `sem`, `completion_grade`, `wala_to`) VALUES
(201310000, 'CLS1-1', '1.75', 'PASSED', 2013, 1, 0.00, 1),
(201310000, 'CLS1-2', '2.00', 'PASSED', 2013, 1, 0.00, 2),
(201310000, 'CLS1-3', '1.25', 'PASSED', 2013, 1, 0.00, 3),
(201310000, 'CLS1-4', '1.50', 'PASSED', 2013, 2, 0.00, 4),
(201310000, 'CLS1-5', '1.50', 'PASSED', 2013, 2, 0.00, 5),
(201310000, 'CLS1-6', '2.25', 'PASSED', 2013, 2, 0.00, 6),
(201310000, 'CLS1-7', '2.00', 'PASSED', 2014, 1, 0.00, 7),
(201310000, 'CLS1-8', '2.25', 'PASSED', 2014, 1, 0.00, 8),
(201310000, 'CLS1-9', '1.75', 'PASSED', 2014, 1, 0.00, 9),
(201310000, 'CLS1-10', '2.50', 'PASSED', 2014, 2, 0.00, 10),
(201310000, 'CLS1-11', '2.75', 'PASSED', 2014, 2, 0.00, 11),
(201310000, 'CLS1-12', '2.50', 'PASSED', 2014, 2, 0.00, 12),
(201310000, 'CLS1-13', '1.75', 'PASSED', 2015, 1, 0.00, 13),
(201310000, 'CLS1-14', '2.00', 'PASSED', 2015, 1, 0.00, 14),
(201310000, 'CLS1-15', '1.00', 'PASSED', 2015, 1, 0.00, 15),
(201310000, 'CLS1-16', '1.25', 'PASSED', 2015, 2, 0.00, 16),
(201310000, 'CLS1-17', '1.75', 'PASSED', 2015, 2, 0.00, 17),
(201310000, 'CLS1-18', '2.00', 'PASSED', 2015, 2, 0.00, 18),
(201310000, 'CLS1-19', '1.00', 'PASSED', 2016, 1, 0.00, 19),
(201310000, 'CLS1-20', '1.25', 'PASSED', 2016, 1, 0.00, 20),
(201310000, 'CLS1-21', '1.25', 'PASSED', 2016, 1, 0.00, 21),
(201311111, 'CLS10001', '1.75', 'PASSED', 2013, 1, 0.00, 22),
(201311111, 'CLS10002', '2.00', 'PASSED', 2013, 1, 0.00, 23),
(201311111, 'CLS10003', '2.25', 'PASSED', 2013, 1, 0.00, 24),
(201311111, 'CLS10004', '2.50', 'PASSED', 2013, 2, 0.00, 25),
(201311111, 'CLS10005', '2.75', 'PASSED', 2013, 2, 0.00, 26),
(201311111, 'CLS10006', '2.50', 'PASSED', 2013, 2, 0.00, 27),
(201311111, 'CLS10007', '2.50', 'PASSED', 2014, 1, 0.00, 28),
(201311111, 'CLS10008', '2.50', 'PASSED', 2014, 1, 0.00, 29),
(201311111, 'CLS10009', '2.50', 'PASSED', 2014, 1, 0.00, 30),
(201311111, 'CLS10010', '1.25', 'PASSED', 2014, 2, 0.00, 31),
(201311111, 'CLS10011', '1.25', 'PASSED', 2014, 2, 0.00, 32),
(201311111, 'CLS10012', '1.50', 'PASSED', 2014, 2, 0.00, 33),
(201311111, 'CLS10013', '2.00', 'PASSED', 2015, 1, 0.00, 34),
(201311111, 'CLS10014', '2.00', 'PASSED', 2015, 1, 0.00, 35),
(201311111, 'CLS10015', '1.25', 'PASSED', 2015, 1, 0.00, 36),
(201311111, 'CLS10016', '1.00', 'PASSED', 2015, 2, 0.00, 37),
(201311111, 'CLS10017', '1.75', 'PASSED', 2015, 2, 0.00, 38),
(201311111, 'CLS10018', '1.50', 'PASSED', 2015, 2, 0.00, 39),
(201311111, 'CLS10019', '1.25', 'PASSED', 2016, 1, 0.00, 40),
(201311111, 'CLS10020', '2.00', 'PASSED', 2016, 1, 0.00, 41),
(201311111, 'CLS10021', '1.50', 'PASSED', 2016, 1, 0.00, 42),
(201320000, 'CLS1-1', '1.50', 'PASSED', 2013, 1, 0.00, 43),
(201320000, 'CLS1-2', '1.75', 'PASSED', 2013, 1, 0.00, 44),
(201320000, 'CLS1-3', '2.25', 'PASSED', 2013, 1, 0.00, 45),
(201320000, 'CLS1-4', '1.25', 'PASSED', 2013, 2, 0.00, 46),
(201320000, 'CLS1-5', '1.00', 'PASSED', 2013, 2, 0.00, 47),
(201320000, 'CLS1-6', '1.25', 'PASSED', 2013, 2, 0.00, 48),
(201320000, 'CLS1-7', '1.75', 'PASSED', 2014, 1, 0.00, 49),
(201320000, 'CLS1-8', '2.00', 'PASSED', 2014, 1, 0.00, 50),
(201320000, 'CLS1-9', '1.25', 'PASSED', 2014, 1, 0.00, 51),
(201320000, 'CLS1-10', '2.25', 'PASSED', 2014, 2, 0.00, 52),
(201320000, 'CLS1-11', '2.00', 'PASSED', 2014, 2, 0.00, 53),
(201320000, 'CLS1-12', '1.25', 'PASSED', 2014, 2, 0.00, 54),
(201320000, 'CLS1-13', '1.50', 'PASSED', 2015, 1, 0.00, 55),
(201320000, 'CLS1-14', '1.25', 'PASSED', 2015, 1, 0.00, 56),
(201320000, 'CLS1-15', '2.00', 'PASSED', 2015, 1, 0.00, 57),
(201320000, 'CLS1-16', '1.75', 'PASSED', 2015, 2, 0.00, 58),
(201320000, 'CLS1-17', '2.25', 'PASSED', 2015, 2, 0.00, 59),
(201320000, 'CLS1-18', '1.50', 'PASSED', 2015, 2, 0.00, 60),
(201320000, 'CLS1-19', '2.00', 'PASSED', 2016, 1, 0.00, 61),
(201320000, 'CLS1-20', '1.25', 'PASSED', 2016, 1, 0.00, 62),
(201320000, 'CLS1-21', '1.00', 'PASSED', 2016, 1, 0.00, 63),
(201322222, 'CLS10001', '1.75', 'PASSED', 2013, 1, 0.00, 64),
(201322222, 'CLS10002', '2.25', 'PASSED', 2013, 1, 0.00, 65),
(201322222, 'CLS10003', '1.50', 'PASSED', 2013, 1, 0.00, 66),
(201322222, 'CLS10004', '1.25', 'PASSED', 2013, 2, 0.00, 67),
(201322222, 'CLS10005', '1.50', 'PASSED', 2013, 2, 0.00, 68),
(201322222, 'CLS10006', '1.50', 'PASSED', 2013, 2, 0.00, 69),
(201322222, 'CLS10007', '1.75', 'PASSED', 2014, 1, 0.00, 70),
(201322222, 'CLS10008', '2.00', 'PASSED', 2014, 1, 0.00, 71),
(201322222, 'CLS10009', '2.25', 'PASSED', 2014, 1, 0.00, 72),
(201322222, 'CLS10010', '2.50', 'PASSED', 2014, 2, 0.00, 73),
(201322222, 'CLS10011', '2.75', 'PASSED', 2014, 2, 0.00, 74),
(201322222, 'CLS10012', '2.50', 'PASSED', 2014, 2, 0.00, 75),
(201322222, 'CLS10013', '2.25', 'PASSED', 2015, 1, 0.00, 76),
(201322222, 'CLS10014', '2.00', 'PASSED', 2015, 1, 0.00, 77),
(201322222, 'CLS10015', '1.75', 'PASSED', 2015, 1, 0.00, 78),
(201322222, 'CLS10016', '2.50', 'PASSED', 2015, 2, 0.00, 79),
(201322222, 'CLS10017', '2.50', 'PASSED', 2015, 2, 0.00, 80),
(201322222, 'CLS10018', '2.75', 'PASSED', 2015, 2, 0.00, 81),
(201322222, 'CLS10019', '2.00', 'PASSED', 2016, 1, 0.00, 82),
(201322222, 'CLS10020', '2.25', 'PASSED', 2016, 1, 0.00, 83),
(201322222, 'CLS10021', '1.25', 'PASSED', 2016, 1, 0.00, 84),
(201330000, 'CLS1-1', '2.00', 'PASSED', 2013, 1, 0.00, 85),
(201330000, 'CLS1-2', '1.75', 'PASSED', 2013, 1, 0.00, 86),
(201330000, 'CLS1-3', '1.50', 'PASSED', 2013, 1, 0.00, 87),
(201330000, 'CLS1-4', '2.00', 'PASSED', 2013, 2, 0.00, 88),
(201330000, 'CLS1-5', '2.25', 'PASSED', 2013, 2, 0.00, 89),
(201330000, 'CLS1-6', '1.75', 'PASSED', 2013, 2, 0.00, 90),
(201330000, 'CLS1-7', '2.25', 'PASSED', 2014, 1, 0.00, 91),
(201330000, 'CLS1-8', '1.75', 'PASSED', 2014, 1, 0.00, 92),
(201330000, 'CLS1-9', '2.00', 'PASSED', 2014, 1, 0.00, 93),
(201330000, 'CLS1-10', '2.25', 'PASSED', 2014, 2, 0.00, 94),
(201330000, 'CLS1-11', '1.75', 'PASSED', 2014, 2, 0.00, 95),
(201330000, 'CLS1-12', '1.25', 'PASSED', 2014, 2, 0.00, 96),
(201330000, 'CLS1-13', '2.00', 'PASSED', 2015, 1, 0.00, 97),
(201330000, 'CLS1-14', '2.00', 'PASSED', 2015, 1, 0.00, 98),
(201330000, 'CLS1-15', '2.25', 'PASSED', 2015, 1, 0.00, 99),
(201330000, 'CLS1-16', '2.50', 'PASSED', 2015, 2, 0.00, 100),
(201330000, 'CLS1-17', '2.75', 'PASSED', 2015, 2, 0.00, 101),
(201330000, 'CLS1-18', '2.75', 'PASSED', 2015, 2, 0.00, 102),
(201330000, 'CLS1-19', '2.75', 'PASSED', 2016, 1, 0.00, 103),
(201330000, 'CLS1-20', '2.50', 'PASSED', 2016, 1, 0.00, 104),
(201330000, 'CLS1-21', '2.50', 'PASSED', 2016, 1, 0.00, 105),
(201333333, 'CLS10001', '1.75', 'PASSED', 2013, 1, 0.00, 106),
(201333333, 'CLS10002', '1.25', 'PASSED', 2013, 1, 0.00, 107),
(201333333, 'CLS10003', '1.00', 'PASSED', 2013, 1, 0.00, 108),
(201333333, 'CLS10004', '2.25', 'PASSED', 2013, 2, 0.00, 109),
(201333333, 'CLS10005', '1.75', 'PASSED', 2013, 2, 0.00, 110),
(201333333, 'CLS10006', '1.75', 'PASSED', 2013, 2, 0.00, 111),
(201333333, 'CLS10007', '2.00', 'PASSED', 2014, 1, 0.00, 112),
(201333333, 'CLS10008', '2.25', 'PASSED', 2014, 1, 0.00, 113),
(201333333, 'CLS10009', '2.25', 'PASSED', 2014, 1, 0.00, 114),
(201333333, 'CLS10010', '2.75', 'PASSED', 2014, 2, 0.00, 115),
(201333333, 'CLS10011', '2.50', 'PASSED', 2014, 2, 0.00, 116),
(201333333, 'CLS10012', '2.50', 'PASSED', 2014, 2, 0.00, 117),
(201333333, 'CLS10013', '1.25', 'PASSED', 2015, 1, 0.00, 118),
(201333333, 'CLS10014', '1.25', 'PASSED', 2015, 1, 0.00, 119),
(201333333, 'CLS10015', '1.75', 'PASSED', 2015, 1, 0.00, 120),
(201333333, 'CLS10016', '1.00', 'PASSED', 2015, 2, 0.00, 121),
(201333333, 'CLS10017', '2.25', 'PASSED', 2015, 2, 0.00, 122),
(201333333, 'CLS10018', '2.45', 'PASSED', 2015, 2, 0.00, 123),
(201333333, 'CLS10019', '2.75', 'PASSED', 2016, 1, 0.00, 124),
(201333333, 'CLS10020', '2.75', 'PASSED', 2016, 1, 0.00, 125),
(201333333, 'CLS10021', '2.50', 'PASSED', 2016, 1, 0.00, 126),
(201340000, 'CLS1-1', '1.75', 'PASSED', 2013, 1, 0.00, 127),
(201340000, 'CLS1-2', '1.50', 'PASSED', 2013, 1, 0.00, 128),
(201340000, 'CLS1-3', '2.00', 'PASSED', 2013, 1, 0.00, 129),
(201340000, 'CLS1-4', '1.75', 'PASSED', 2013, 2, 0.00, 130),
(201340000, 'CLS1-5', '1.50', 'PASSED', 2013, 2, 0.00, 131),
(201340000, 'CLS1-6', '2.25', 'PASSED', 2013, 2, 0.00, 132),
(201340000, 'CLS1-7', '1.75', 'PASSED', 2014, 1, 0.00, 133),
(201340000, 'CLS1-8', '1.50', 'PASSED', 2014, 1, 0.00, 134),
(201340000, 'CLS1-9', '2.25', 'PASSED', 2014, 1, 0.00, 135),
(201340000, 'CLS1-10', '2.00', 'PASSED', 2014, 2, 0.00, 136),
(201340000, 'CLS1-11', '1.75', 'PASSED', 2014, 2, 0.00, 137),
(201340000, 'CLS1-12', '2.00', 'PASSED', 2014, 2, 0.00, 138),
(201340000, 'CLS1-13', '2.00', 'PASSED', 2015, 1, 0.00, 139),
(201340000, 'CLS1-14', '2.25', 'PASSED', 2015, 1, 0.00, 140),
(201340000, 'CLS1-15', '2.00', 'PASSED', 2015, 1, 0.00, 141),
(201340000, 'CLS1-16', '2.50', 'PASSED', 2015, 2, 0.00, 142),
(201340000, 'CLS1-17', '2.75', 'PASSED', 2015, 2, 0.00, 143),
(201340000, 'CLS1-18', '2.75', 'PASSED', 2015, 2, 0.00, 144),
(201340000, 'CLS1-19', '3.00', 'PASSED', 2016, 1, 0.00, 145),
(201340000, 'CLS1-20', '3.00', 'PASSED', 2016, 1, 0.00, 146),
(201340000, 'CLS1-21', '3.00', 'PASSED', 2016, 1, 0.00, 147),
(201344444, 'CLS10001', '1.75', 'PASSED', 2013, 1, 0.00, 148),
(201344444, 'CLS10002', '2.25', 'PASSED', 2013, 1, 0.00, 149),
(201344444, 'CLS10003', '2.25', 'PASSED', 2013, 1, 0.00, 150),
(201344444, 'CLS10004', '2.50', 'PASSED', 2013, 2, 0.00, 151),
(201344444, 'CLS10005', '2.75', 'PASSED', 2013, 2, 0.00, 152),
(201344444, 'CLS10006', '2.75', 'PASSED', 2013, 2, 0.00, 153),
(201344444, 'CLS10007', '1.25', 'PASSED', 2014, 1, 0.00, 154),
(201344444, 'CLS10008', '1.25', 'PASSED', 2014, 1, 0.00, 155),
(201344444, 'CLS10009', '1.75', 'PASSED', 2014, 1, 0.00, 156),
(201344444, 'CLS10010', '2.00', 'PASSED', 2014, 2, 0.00, 157),
(201344444, 'CLS10011', '1.50', 'PASSED', 2014, 2, 0.00, 158),
(201344444, 'CLS10012', '1.00', 'PASSED', 2014, 2, 0.00, 159),
(201344444, 'CLS10013', '1.75', 'PASSED', 2015, 1, 0.00, 160),
(201344444, 'CLS10014', '1.50', 'PASSED', 2015, 1, 0.00, 161),
(201344444, 'CLS10015', '1.50', 'PASSED', 2015, 1, 0.00, 162),
(201344444, 'CLS10016', '2.00', 'PASSED', 2015, 2, 0.00, 163),
(201344444, 'CLS10017', '2.25', 'PASSED', 2015, 2, 0.00, 164),
(201344444, 'CLS10018', '2.25', 'PASSED', 2015, 2, 0.00, 165),
(201344444, 'CLS10019', '2.75', 'PASSED', 2016, 1, 0.00, 166),
(201344444, 'CLS10020', '2.50', 'PASSED', 2016, 1, 0.00, 167),
(201344444, 'CLS10021', '2.50', 'PASSED', 2016, 1, 0.00, 168),
(201350000, 'CLS1-1', '1.75', 'PASSED', 2013, 1, 0.00, 169),
(201350000, 'CLS1-2', '2.00', 'PASSED', 2013, 1, 0.00, 170),
(201350000, 'CLS1-3', '2.25', 'PASSED', 2013, 1, 0.00, 171),
(201350000, 'CLS1-4', '1.75', 'PASSED', 2013, 2, 0.00, 172),
(201350000, 'CLS1-5', '2.25', 'PASSED', 2013, 2, 0.00, 173),
(201350000, 'CLS1-6', '2.25', 'PASSED', 2013, 2, 0.00, 174),
(201350000, 'CLS1-7', '2.50', 'PASSED', 2014, 1, 0.00, 175),
(201350000, 'CLS1-8', '2.50', 'PASSED', 2014, 1, 0.00, 176),
(201350000, 'CLS1-9', '2.75', 'PASSED', 2014, 1, 0.00, 177),
(201350000, 'CLS1-10', '2.75', 'PASSED', 2014, 2, 0.00, 178),
(201350000, 'CLS1-11', '2.75', 'PASSED', 2014, 2, 0.00, 179),
(201350000, 'CLS1-12', '2.50', 'PASSED', 2014, 2, 0.00, 180),
(201350000, 'CLS1-13', '2.25', 'PASSED', 2015, 1, 0.00, 181),
(201350000, 'CLS1-14', '2.25', 'PASSED', 2015, 1, 0.00, 182),
(201350000, 'CLS1-15', '2.25', 'PASSED', 2015, 1, 0.00, 183),
(201350000, 'CLS1-16', '3.00', 'PASSED', 2015, 2, 0.00, 184),
(201350000, 'CLS1-17', '3.00', 'PASSED', 2015, 2, 0.00, 185),
(201350000, 'CLS1-18', '3.00', 'PASSED', 2015, 2, 0.00, 186),
(201350000, 'CLS1-19', '1.50', 'PASSED', 2016, 1, 0.00, 187),
(201350000, 'CLS1-20', '1.50', 'PASSED', 2016, 1, 0.00, 188),
(201350000, 'CLS1-21', '1.75', 'PASSED', 2016, 1, 0.00, 189),
(201355555, 'CLS10001', '2.25', 'PASSED', 2013, 1, 0.00, 190),
(201355555, 'CLS10002', '2.00', 'PASSED', 2013, 1, 0.00, 191),
(201355555, 'CLS10003', '2.25', 'PASSED', 2013, 1, 0.00, 192),
(201355555, 'CLS10004', '2.50', 'PASSED', 2013, 2, 0.00, 193),
(201355555, 'CLS10005', '2.50', 'PASSED', 2013, 2, 0.00, 194),
(201355555, 'CLS10006', '2.75', 'PASSED', 2013, 2, 0.00, 195),
(201355555, 'CLS10007', '1.50', 'PASSED', 2014, 1, 0.00, 196),
(201355555, 'CLS10008', '1.50', 'PASSED', 2014, 1, 0.00, 197),
(201355555, 'CLS10009', '1.00', 'PASSED', 2014, 1, 0.00, 198),
(201355555, 'CLS10010', '2.75', 'PASSED', 2014, 2, 0.00, 199),
(201355555, 'CLS10011', '2.50', 'PASSED', 2014, 2, 0.00, 200),
(201355555, 'CLS10012', '2.75', 'PASSED', 2014, 2, 0.00, 201),
(201355555, 'CLS10013', '1.75', 'PASSED', 2015, 1, 0.00, 202),
(201355555, 'CLS10014', '2.00', 'PASSED', 2015, 1, 0.00, 203),
(201355555, 'CLS10015', '1.50', 'PASSED', 2015, 1, 0.00, 204),
(201355555, 'CLS10016', '1.25', 'PASSED', 2015, 2, 0.00, 205),
(201355555, 'CLS10017', '1.50', 'PASSED', 2015, 2, 0.00, 206),
(201355555, 'CLS10018', '2.25', 'PASSED', 2015, 2, 0.00, 207),
(201355555, 'CLS10019', '1.00', 'PASSED', 2016, 1, 0.00, 208),
(201355555, 'CLS10020', '1.00', 'PASSED', 2016, 1, 0.00, 209),
(201355555, 'CLS10021', '1.75', 'PASSED', 2016, 1, 0.00, 210),
(201410000, 'CLS2-1', '1.75', 'PASSED', 2014, 1, 0.00, 211),
(201410000, 'CLS2-2', '2.25', 'PASSED', 2014, 1, 0.00, 212),
(201410000, 'CLS2-3', '2.25', 'PASSED', 2014, 1, 0.00, 213),
(201410000, 'CLS2-4', '1.25', 'PASSED', 2014, 2, 0.00, 214),
(201410000, 'CLS2-5', '1.50', 'PASSED', 2014, 2, 0.00, 215),
(201410000, 'CLS2-6', '2.25', 'PASSED', 2014, 2, 0.00, 216),
(201410000, 'CLS2-7', '1.00', 'PASSED', 2015, 1, 0.00, 217),
(201410000, 'CLS2-8', '1.25', 'PASSED', 2015, 1, 0.00, 218),
(201410000, 'CLS2-9', '1.00', 'PASSED', 2015, 1, 0.00, 219),
(201410000, 'CLS2-10', '1.50', 'PASSED', 2015, 2, 0.00, 220),
(201410000, 'CLS2-11', '2.25', 'PASSED', 2015, 2, 0.00, 221),
(201410000, 'CLS2-12', '2.00', 'PASSED', 2015, 2, 0.00, 222),
(201410000, 'CLS2-13', '2.50', 'PASSED', 2016, 1, 0.00, 223),
(201410000, 'CLS2-14', '2.50', 'PASSED', 2016, 1, 0.00, 224),
(201410000, 'CLS2-15', '2.75', 'PASSED', 2016, 1, 0.00, 225),
(201411111, 'CLS20001', '2.00', 'PASSED', 2014, 1, 0.00, 226),
(201411111, 'CLS20002', '2.00', 'PASSED', 2014, 1, 0.00, 227),
(201411111, 'CLS20003', '2.25', 'PASSED', 2014, 1, 0.00, 228),
(201411111, 'CLS20004', '2.50', 'PASSED', 2014, 2, 0.00, 229),
(201411111, 'CLS20005', '2.75', 'PASSED', 2014, 2, 0.00, 230),
(201411111, 'CLS20006', '2.50', 'PASSED', 2014, 2, 0.00, 231),
(201411111, 'CLS20007', '2.50', 'PASSED', 2015, 1, 0.00, 232),
(201411111, 'CLS20008', '2.50', 'PASSED', 2015, 1, 0.00, 233),
(201411111, 'CLS20009', '2.75', 'PASSED', 2015, 1, 0.00, 234),
(201411111, 'CLS20010', '2.25', 'PASSED', 2015, 2, 0.00, 235),
(201411111, 'CLS20011', '2.25', 'PASSED', 2015, 2, 0.00, 236),
(201411111, 'CLS20012', '2.25', 'PASSED', 2015, 2, 0.00, 237),
(201411111, 'CLS20013', '3.00', 'PASSED', 2016, 1, 0.00, 238),
(201411111, 'CLS20014', '3.00', 'PASSED', 2016, 1, 0.00, 239),
(201411111, 'CLS20015', '3.00', 'PASSED', 2016, 1, 0.00, 240),
(201420000, 'CLS2-1', '1.50', 'PASSED', 2014, 1, 0.00, 241),
(201420000, 'CLS2-2', '2.25', 'PASSED', 2014, 1, 0.00, 242),
(201420000, 'CLS2-3', '2.00', 'PASSED', 2014, 1, 0.00, 243),
(201420000, 'CLS2-4', '2.50', 'PASSED', 2014, 2, 0.00, 244),
(201420000, 'CLS2-5', '2.75', 'PASSED', 2014, 2, 0.00, 245),
(201420000, 'CLS2-6', '2.50', 'PASSED', 2014, 2, 0.00, 246),
(201420000, 'CLS2-7', '2.75', 'PASSED', 2015, 1, 0.00, 247),
(201420000, 'CLS2-8', '2.50', 'PASSED', 2015, 1, 0.00, 248),
(201420000, 'CLS2-9', '2.75', 'PASSED', 2015, 1, 0.00, 249),
(201420000, 'CLS2-10', '1.50', 'PASSED', 2015, 2, 0.00, 250),
(201420000, 'CLS2-11', '2.25', 'PASSED', 2015, 2, 0.00, 251),
(201420000, 'CLS2-12', '1.00', 'PASSED', 2015, 2, 0.00, 252),
(201420000, 'CLS2-13', '2.00', 'PASSED', 2016, 1, 0.00, 253),
(201420000, 'CLS2-14', '1.75', 'PASSED', 2016, 1, 0.00, 254),
(201420000, 'CLS2-15', '2.25', 'PASSED', 2016, 1, 0.00, 255),
(201422222, 'CLS20001', '1.00', 'PASSED', 2014, 1, 0.00, 256),
(201422222, 'CLS20002', '1.25', 'PASSED', 2014, 1, 0.00, 257),
(201422222, 'CLS20003', '1.00', 'PASSED', 2014, 1, 0.00, 258),
(201422222, 'CLS20004', '1.50', 'PASSED', 2014, 2, 0.00, 259),
(201422222, 'CLS20005', '1.75', 'PASSED', 2014, 2, 0.00, 260),
(201422222, 'CLS20006', '1.00', 'PASSED', 2014, 2, 0.00, 261),
(201422222, 'CLS20007', '1.25', 'PASSED', 2015, 1, 0.00, 262),
(201422222, 'CLS20008', '1.50', 'PASSED', 2015, 1, 0.00, 263),
(201422222, 'CLS20009', '1.25', 'PASSED', 2015, 1, 0.00, 264),
(201422222, 'CLS20010', '1.75', 'PASSED', 2015, 2, 0.00, 265),
(201422222, 'CLS20011', '1.00', 'PASSED', 2015, 2, 0.00, 266),
(201422222, 'CLS20012', '1.00', 'PASSED', 2015, 2, 0.00, 267),
(201422222, 'CLS20013', '2.00', 'PASSED', 2016, 1, 0.00, 268),
(201422222, 'CLS20014', '1.75', 'PASSED', 2016, 1, 0.00, 269),
(201422222, 'CLS20015', '1.00', 'PASSED', 2016, 1, 0.00, 270),
(201430000, 'CLS2-1', '2.75', 'PASSED', 2014, 1, 0.00, 271),
(201430000, 'CLS2-2', '2.50', 'PASSED', 2014, 1, 0.00, 272),
(201430000, 'CLS2-3', '2.50', 'PASSED', 2014, 1, 0.00, 273),
(201430000, 'CLS2-4', '1.00', 'PASSED', 2014, 2, 0.00, 274),
(201430000, 'CLS2-5', '1.25', 'PASSED', 2014, 2, 0.00, 275),
(201430000, 'CLS2-6', '1.25', 'PASSED', 2014, 2, 0.00, 276),
(201430000, 'CLS2-7', '1.50', 'PASSED', 2015, 1, 0.00, 277),
(201430000, 'CLS2-8', '1.75', 'PASSED', 2015, 1, 0.00, 278),
(201430000, 'CLS2-9', '1.00', 'PASSED', 2015, 1, 0.00, 279),
(201430000, 'CLS2-10', '1.25', 'PASSED', 2015, 2, 0.00, 280),
(201430000, 'CLS2-11', '1.50', 'PASSED', 2015, 2, 0.00, 281),
(201430000, 'CLS2-12', '1.25', 'PASSED', 2015, 2, 0.00, 282),
(201430000, 'CLS2-13', '1.25', 'PASSED', 2016, 1, 0.00, 283),
(201430000, 'CLS2-14', '1.75', 'PASSED', 2016, 1, 0.00, 284),
(201430000, 'CLS2-15', '1.50', 'PASSED', 2016, 1, 0.00, 285),
(201433333, 'CLS20001', '2.25', 'PASSED', 2014, 1, 0.00, 286),
(201433333, 'CLS20002', '2.25', 'PASSED', 2014, 1, 0.00, 287),
(201433333, 'CLS20003', '2.25', 'PASSED', 2014, 1, 0.00, 288),
(201433333, 'CLS20004', '2.00', 'PASSED', 2014, 2, 0.00, 289),
(201433333, 'CLS20005', '2.00', 'PASSED', 2014, 2, 0.00, 290),
(201433333, 'CLS20006', '2.25', 'PASSED', 2014, 2, 0.00, 291),
(201433333, 'CLS20007', '3.00', 'PASSED', 2015, 1, 0.00, 292),
(201433333, 'CLS20008', '3.00', 'PASSED', 2015, 1, 0.00, 293),
(201433333, 'CLS20009', '3.00', 'PASSED', 2015, 1, 0.00, 294),
(201433333, 'CLS20010', '1.50', 'PASSED', 2015, 2, 0.00, 295),
(201433333, 'CLS20011', '1.75', 'PASSED', 2015, 2, 0.00, 296),
(201433333, 'CLS20012', '2.00', 'PASSED', 2015, 2, 0.00, 297),
(201433333, 'CLS20013', '2.25', 'PASSED', 2016, 1, 0.00, 298),
(201433333, 'CLS20014', '1.75', 'PASSED', 2016, 1, 0.00, 299),
(201433333, 'CLS20015', '1.75', 'PASSED', 2016, 1, 0.00, 300),
(201440000, 'CLS2-1', '2.25', 'PASSED', 2014, 1, 0.00, 301),
(201440000, 'CLS2-2', '2.25', 'PASSED', 2014, 1, 0.00, 302),
(201440000, 'CLS2-3', '2.25', 'PASSED', 2014, 1, 0.00, 303),
(201440000, 'CLS2-4', '1.75', 'PASSED', 2014, 2, 0.00, 304),
(201440000, 'CLS2-5', '2.25', 'PASSED', 2014, 2, 0.00, 305),
(201440000, 'CLS2-6', '2.00', 'PASSED', 2014, 2, 0.00, 306),
(201440000, 'CLS2-7', '2.50', 'PASSED', 2015, 1, 0.00, 307),
(201440000, 'CLS2-8', '2.50', 'PASSED', 2015, 1, 0.00, 308),
(201440000, 'CLS2-9', '2.75', 'PASSED', 2015, 1, 0.00, 309),
(201440000, 'CLS2-10', '1.50', 'PASSED', 2015, 2, 0.00, 310),
(201440000, 'CLS2-11', '1.75', 'PASSED', 2015, 2, 0.00, 311),
(201440000, 'CLS2-12', '1.25', 'PASSED', 2015, 2, 0.00, 312),
(201440000, 'CLS2-13', '1.00', 'PASSED', 2016, 1, 0.00, 313),
(201440000, 'CLS2-14', '1.75', 'PASSED', 2016, 1, 0.00, 314),
(201440000, 'CLS2-15', '1.75', 'PASSED', 2016, 1, 0.00, 315),
(201444444, 'CLS20001', '1.75', 'PASSED', 2014, 1, 0.00, 316),
(201444444, 'CLS20002', '1.25', 'PASSED', 2014, 1, 0.00, 317),
(201444444, 'CLS20003', '1.50', 'PASSED', 2014, 1, 0.00, 318),
(201444444, 'CLS20004', '1.75', 'PASSED', 2014, 2, 0.00, 319),
(201444444, 'CLS20005', '1.25', 'PASSED', 2014, 2, 0.00, 320),
(201444444, 'CLS20006', '1.25', 'PASSED', 2014, 2, 0.00, 321),
(201444444, 'CLS20007', '1.50', 'PASSED', 2015, 1, 0.00, 322),
(201444444, 'CLS20008', '1.75', 'PASSED', 2015, 1, 0.00, 323),
(201444444, 'CLS20009', '2.00', 'PASSED', 2015, 1, 0.00, 324),
(201444444, 'CLS20010', '2.75', 'PASSED', 2015, 2, 0.00, 325),
(201444444, 'CLS20011', '2.50', 'PASSED', 2015, 2, 0.00, 326),
(201444444, 'CLS20012', '2.50', 'PASSED', 2015, 2, 0.00, 327),
(201444444, 'CLS20013', '1.75', 'PASSED', 2016, 1, 0.00, 328),
(201444444, 'CLS20014', '1.50', 'PASSED', 2016, 1, 0.00, 329),
(201444444, 'CLS20015', '1.25', 'PASSED', 2016, 1, 0.00, 330),
(201450000, 'CLS2-1', '2.50', 'PASSED', 2014, 1, 0.00, 331),
(201450000, 'CLS2-2', '2.50', 'PASSED', 2014, 1, 0.00, 332),
(201450000, 'CLS2-3', '2.75', 'PASSED', 2014, 1, 0.00, 333),
(201450000, 'CLS2-4', '5.00', 'FAILED', 2014, 2, 0.00, 334),
(201450000, 'CLS2-5', '5.00', 'FAILED', 2014, 2, 0.00, 335),
(201450000, 'CLS2-6', '5.00', 'FAILED', 2014, 2, 0.00, 336),
(201455555, 'CLS20001', '2.25', 'PASSED', 2014, 1, 0.00, 337),
(201455555, 'CLS20002', '2.00', 'PASSED', 2014, 1, 0.00, 338),
(201455555, 'CLS20003', '2.25', 'PASSED', 2014, 1, 0.00, 339),
(201455555, 'CLS20004', '2.50', 'PASSED', 2014, 2, 0.00, 340),
(201455555, 'CLS20005', '2.75', 'PASSED', 2014, 2, 0.00, 341),
(201455555, 'CLS20006', '2.50', 'PASSED', 2014, 2, 0.00, 342),
(201455555, 'CLS20007', '5.00', 'FAILED', 2015, 1, 0.00, 343),
(201455555, 'CLS20008', '5.00', 'FAILED', 2015, 1, 0.00, 344),
(201455555, 'CLS20009', '5.00', 'FAILED', 2015, 1, 0.00, 345),
(201510000, 'CLS3-1', '2.00', 'PASSED', 2015, 1, 0.00, 346),
(201510000, 'CLS3-2', '1.75', 'PASSED', 2015, 1, 0.00, 347),
(201510000, 'CLS3-3', '1.50', 'PASSED', 2015, 1, 0.00, 348),
(201510000, 'CLS3-4', '2.00', 'PASSED', 2015, 2, 0.00, 349),
(201510000, 'CLS3-5', '1.75', 'PASSED', 2015, 2, 0.00, 350),
(201510000, 'CLS3-6', '1.75', 'PASSED', 2015, 2, 0.00, 351),
(201510000, 'CLS3-7', '2.75', 'PASSED', 2016, 1, 0.00, 352),
(201510000, 'CLS3-8', '2.75', 'PASSED', 2016, 1, 0.00, 353),
(201510000, 'CLS3-9', '3.00', 'PASSED', 2016, 1, 0.00, 354),
(201511111, 'CLS30001', '2.75', 'PASSED', 2015, 1, 0.00, 355),
(201511111, 'CLS30002', '2.50', 'PASSED', 2015, 1, 0.00, 356),
(201511111, 'CLS30003', '3.00', 'PASSED', 2015, 1, 0.00, 357),
(201511111, 'CLS30004', '1.75', 'PASSED', 2015, 2, 0.00, 358),
(201511111, 'CLS30005', '1.50', 'PASSED', 2015, 2, 0.00, 359),
(201511111, 'CLS30006', '2.00', 'PASSED', 2015, 2, 0.00, 360),
(201511111, 'CLS30007', '2.00', 'PASSED', 2016, 1, 0.00, 361),
(201511111, 'CLS30008', '2.25', 'PASSED', 2016, 1, 0.00, 362),
(201511111, 'CLS30009', '1.75', 'PASSED', 2016, 1, 0.00, 363),
(201520000, 'CLS3-1', '2.00', 'PASSED', 2015, 1, 0.00, 364),
(201520000, 'CLS3-2', '1.75', 'PASSED', 2015, 1, 0.00, 365),
(201520000, 'CLS3-3', '2.00', 'PASSED', 2015, 1, 0.00, 366),
(201520000, 'CLS3-4', '1.75', 'PASSED', 2015, 2, 0.00, 367),
(201520000, 'CLS3-5', '2.00', 'PASSED', 2015, 2, 0.00, 368),
(201520000, 'CLS3-6', '1.75', 'PASSED', 2015, 2, 0.00, 369),
(201520000, 'CLS3-7', '2.00', 'PASSED', 2016, 1, 0.00, 370),
(201520000, 'CLS3-8', '1.75', 'PASSED', 2016, 1, 0.00, 371),
(201520000, 'CLS3-9', '2.25', 'PASSED', 2016, 1, 0.00, 372),
(201522222, 'CLS30001', '2.00', 'PASSED', 2015, 1, 0.00, 373),
(201522222, 'CLS30002', '1.75', 'PASSED', 2015, 1, 0.00, 374),
(201522222, 'CLS30003', '2.00', 'PASSED', 2015, 1, 0.00, 375),
(201522222, 'CLS30004', '2.00', 'PASSED', 2015, 2, 0.00, 376),
(201522222, 'CLS30005', '1.75', 'PASSED', 2015, 2, 0.00, 377),
(201522222, 'CLS30006', '2.50', 'PASSED', 2015, 2, 0.00, 378),
(201522222, 'CLS30007', '2.25', 'PASSED', 2016, 1, 0.00, 379),
(201522222, 'CLS30008', '1.75', 'PASSED', 2016, 1, 0.00, 380),
(201522222, 'CLS30009', '1.50', 'PASSED', 2016, 1, 0.00, 381),
(201530000, 'CLS3-1', '1.75', 'PASSED', 2015, 1, 0.00, 382),
(201530000, 'CLS3-2', '2.25', 'PASSED', 2015, 1, 0.00, 383),
(201530000, 'CLS3-3', '2.00', 'PASSED', 2015, 1, 0.00, 384),
(201530000, 'CLS3-4', '2.00', 'PASSED', 2015, 2, 0.00, 385),
(201530000, 'CLS3-5', '1.75', 'PASSED', 2015, 2, 0.00, 386),
(201530000, 'CLS3-6', '1.00', 'PASSED', 2015, 2, 0.00, 387),
(201530000, 'CLS3-7', '2.00', 'PASSED', 2016, 1, 0.00, 388),
(201530000, 'CLS3-8', '1.75', 'PASSED', 2016, 1, 0.00, 389),
(201530000, 'CLS3-9', '1.50', 'PASSED', 2016, 1, 0.00, 390),
(201533333, 'CLS30001', '2.00', 'PASSED', 2015, 1, 0.00, 391),
(201533333, 'CLS30002', '1.75', 'PASSED', 2015, 1, 0.00, 392),
(201533333, 'CLS30003', '2.00', 'PASSED', 2015, 1, 0.00, 393),
(201533333, 'CLS30004', '2.00', 'PASSED', 2015, 2, 0.00, 394),
(201533333, 'CLS30005', '1.75', 'PASSED', 2015, 2, 0.00, 395),
(201533333, 'CLS30006', '2.25', 'PASSED', 2015, 2, 0.00, 396),
(201533333, 'CLS30007', '2.75', 'PASSED', 2016, 1, 0.00, 397),
(201533333, 'CLS30008', '2.50', 'PASSED', 2016, 1, 0.00, 398),
(201533333, 'CLS30009', '2.75', 'PASSED', 2016, 1, 0.00, 399),
(201540000, 'CLS3-1', '1.75', 'PASSED', 2015, 1, 0.00, 400),
(201540000, 'CLS3-2', '2.00', 'PASSED', 2015, 1, 0.00, 401),
(201540000, 'CLS3-3', '2.25', 'PASSED', 2015, 1, 0.00, 402),
(201540000, 'CLS3-4', '1.50', 'PASSED', 2015, 2, 0.00, 403),
(201540000, 'CLS3-5', '2.00', 'PASSED', 2015, 2, 0.00, 404),
(201540000, 'CLS3-6', '2.00', 'PASSED', 2015, 2, 0.00, 405),
(201540000, 'CLS3-7', '1.75', 'PASSED', 2016, 1, 0.00, 406),
(201540000, 'CLS3-8', '2.00', 'PASSED', 2016, 1, 0.00, 407),
(201540000, 'CLS3-9', '1.75', 'PASSED', 2016, 1, 0.00, 408),
(201544444, 'CLS30001', '1.75', 'PASSED', 2015, 1, 0.00, 409),
(201544444, 'CLS30002', '2.00', 'PASSED', 2015, 1, 0.00, 410),
(201544444, 'CLS30003', '1.75', 'PASSED', 2015, 1, 0.00, 411),
(201544444, 'CLS30004', '2.00', 'PASSED', 2015, 2, 0.00, 412),
(201544444, 'CLS30005', '1.75', 'PASSED', 2015, 2, 0.00, 413),
(201544444, 'CLS30006', '2.00', 'PASSED', 2015, 2, 0.00, 414),
(201544444, 'CLS30007', '1.75', 'PASSED', 2016, 1, 0.00, 415),
(201544444, 'CLS30008', '2.00', 'PASSED', 2016, 1, 0.00, 416),
(201544444, 'CLS30009', '2.50', 'PASSED', 2016, 1, 0.00, 417),
(201550000, 'CLS3-1', '2.75', 'PASSED', 2015, 1, 0.00, 418),
(201550000, 'CLS3-2', '1.00', 'PASSED', 2015, 1, 0.00, 420),
(201550000, 'CLS3-3', '1.25', 'PASSED', 2015, 1, 0.00, 421),
(201550000, 'CLS3-4', '2.00', 'PASSED', 2015, 2, 0.00, 422),
(201550000, 'CLS3-5', '1.75', 'PASSED', 2015, 2, 0.00, 423),
(201550000, 'CLS3-6', '2.00', 'PASSED', 2015, 2, 0.00, 424),
(201550000, 'CLS3-7', '1.75', 'PASSED', 2016, 1, 0.00, 425),
(201550000, 'CLS3-8', '2.00', 'PASSED', 2016, 1, 0.00, 426),
(201550000, 'CLS3-9', '1.75', 'PASSED', 2016, 1, 0.00, 427),
(201555555, 'CLS30001', '1.25', 'PASSED', 2015, 1, 0.00, 428),
(201555555, 'CLS30002', '2.25', 'PASSED', 2015, 1, 0.00, 429),
(201555555, 'CLS30003', '2.00', 'PASSED', 2015, 1, 0.00, 430),
(201555555, 'CLS30004', '2.50', 'PASSED', 2015, 2, 0.00, 431),
(201555555, 'CLS30005', '2.75', 'PASSED', 2015, 2, 0.00, 432),
(201555555, 'CLS30006', '2.50', 'PASSED', 2015, 2, 0.00, 433),
(201555555, 'CLS30007', '5.00', 'FAILED', 2016, 1, 0.00, 434),
(201555555, 'CLS30008', '5.00', 'FAILED', 2016, 1, 0.00, 435),
(201555555, 'CLS30009', '5.00', 'FAILED', 2016, 1, 0.00, 436),
(201610000, 'CLS4-1', '2.25', 'PASSED', 2016, 1, 0.00, 437),
(201610000, 'CLS4-2', '2.25', 'PASSED', 2016, 1, 0.00, 438),
(201610000, 'CLS4-3', '2.25', 'PASSED', 2016, 1, 0.00, 439),
(201611111, 'CLS40001', '3.00', 'PASSED', 2016, 1, 0.00, 440),
(201611111, 'CLS40002', '3.00', 'PASSED', 2016, 1, 0.00, 441),
(201611111, 'CLS40003', '3.00', 'PASSED', 2016, 1, 0.00, 442),
(201620000, 'CLS4-1', '1.00', 'PASSED', 2016, 1, 0.00, 443),
(201620000, 'CLS4-2', '1.25', 'PASSED', 2016, 1, 0.00, 444),
(201620000, 'CLS4-3', '1.25', 'PASSED', 2016, 1, 0.00, 445),
(201622222, 'CLS40001', '1.00', 'PASSED', 2016, 1, 0.00, 446),
(201622222, 'CLS40002', '1.50', 'PASSED', 2016, 1, 0.00, 447),
(201622222, 'CLS40003', '1.25', 'PASSED', 2016, 1, 0.00, 448),
(201630000, 'CLS4-1', '1.75', 'PASSED', 2016, 1, 0.00, 449),
(201630000, 'CLS4-2', '1.50', 'PASSED', 2016, 1, 0.00, 450),
(201630000, 'CLS4-3', '1.00', 'PASSED', 2016, 1, 0.00, 451),
(201633333, 'CLS40001', '2.75', 'PASSED', 2016, 1, 0.00, 452),
(201633333, 'CLS40002', '2.75', 'PASSED', 2016, 1, 0.00, 453),
(201633333, 'CLS40003', '2.50', 'PASSED', 2016, 1, 0.00, 454),
(201640000, 'CLS4-1', '1.75', 'PASSED', 2016, 1, 0.00, 455),
(201640000, 'CLS4-2', '2.00', 'PASSED', 2016, 1, 0.00, 456),
(201640000, 'CLS4-3', '1.25', 'PASSED', 2016, 1, 0.00, 457),
(201644444, 'CLS40001', '1.00', 'PASSED', 2016, 1, 0.00, 458),
(201644444, 'CLS40002', '1.00', 'PASSED', 2016, 1, 0.00, 459),
(201644444, 'CLS40003', '1.25', 'PASSED', 2016, 1, 0.00, 460),
(201650000, 'CLS4-1', '2.50', 'PASSED', 2016, 1, 0.00, 461),
(201650000, 'CLS4-2', '2.75', 'PASSED', 2016, 1, 0.00, 462),
(201650000, 'CLS4-3', '2.75', 'PASSED', 2016, 1, 0.00, 463),
(201655555, 'CLS40001', '1.75', 'PASSED', 2016, 1, 0.00, 464),
(201655555, 'CLS40002', '1.50', 'PASSED', 2016, 1, 0.00, 465),
(201655555, 'CLS40003', '1.25', 'PASSED', 2016, 1, 0.00, 466);

-- --------------------------------------------------------

--
-- Table structure for table `tbl_location`
--

CREATE TABLE `tbl_location` (
  `location_id` int(1) NOT NULL,
  `location` varchar(10) NOT NULL
) ENGINE=InnoDB DEFAULT CHARSET=latin1;

--
-- Dumping data for table `tbl_location`
--

INSERT INTO `tbl_location` (`location_id`, `location`) VALUES
(1, 'Manila'),
(2, 'Non-Manila');

-- --------------------------------------------------------

--
-- Table structure for table `tbl_program`
--

CREATE TABLE `tbl_program` (
  `program_id` varchar(6) NOT NULL,
  `program_code` varchar(20) NOT NULL,
  `program_title` varchar(100) NOT NULL,
  `dept_id` varchar(6) NOT NULL
) ENGINE=InnoDB DEFAULT CHARSET=latin1;

--
-- Dumping data for table `tbl_program`
--

INSERT INTO `tbl_program` (`program_id`, `program_code`, `program_title`, `dept_id`) VALUES
('PRG111', 'BSCS-IT', 'Bachelor of Science in Computer Studies - Major in Information Technology', 'DPT011'),
('PRG112', 'BSCS-CS', 'Bachelor of Science in Computer Studies - Major in Computer Science', 'DPT012'),
('PRG211', 'BS-PS', 'Bachelor of Science - Major in Political Science', 'DPT021'),
('PRG212', 'BS-PSY', 'Bachelor of Secondary Education - Major in Psychology', 'DPT022');

-- --------------------------------------------------------

--
-- Table structure for table `tbl_registrar`
--

CREATE TABLE `tbl_registrar` (
  `registrar_id` varchar(6) NOT NULL,
  `registrar_lname` varchar(25) NOT NULL,
  `registrar_fname` varchar(25) NOT NULL,
  `registrar_mname` varchar(25) NOT NULL
) ENGINE=InnoDB DEFAULT CHARSET=latin1;

--
-- Dumping data for table `tbl_registrar`
--

INSERT INTO `tbl_registrar` (`registrar_id`, `registrar_lname`, `registrar_fname`, `registrar_mname`) VALUES
('RGT001', 'Michael', 'Asuncion', 'Rabe'),
('RGT002', 'Marilou', 'Rosel', 'Patio'),
('RGT003', 'Hilaria', 'Ysulat', 'Grande'),
('RGT004', 'Elenita', 'Domingo', 'Masquereda');

-- --------------------------------------------------------

--
-- Table structure for table `tbl_room`
--

CREATE TABLE `tbl_room` (
  `room_id` varchar(6) NOT NULL,
  `room_name` varchar(20) NOT NULL
) ENGINE=InnoDB DEFAULT CHARSET=latin1;

--
-- Dumping data for table `tbl_room`
--

INSERT INTO `tbl_room` (`room_id`, `room_name`) VALUES
('ROM001', 'GV209'),
('ROM002', 'GV210'),
('ROM003', 'GV211'),
('ROM004', 'IER'),
('ROM005', 'GCA304'),
('ROM006', 'GCA305'),
('ROM007', 'GCA307'),
('ROM008', 'GCA308'),
('ROM009', 'GCA307.5'),
('ROM010', 'GCA309'),
('ROM011', 'GL402'),
('ROM012', 'GL403'),
('ROM013', 'GL501'),
('ROM014', 'GL502'),
('ROM015', 'GL503');

-- --------------------------------------------------------

--
-- Table structure for table `tbl_student`
--

CREATE TABLE `tbl_student` (
  `student_id` int(9) NOT NULL,
  `student_lname` varchar(20) NOT NULL,
  `student_fname` varchar(20) NOT NULL,
  `student_mname` varchar(20) NOT NULL,
  `entry_year` int(4) NOT NULL,
  `student_gender` varchar(1) NOT NULL
) ENGINE=InnoDB DEFAULT CHARSET=latin1;

--
-- Dumping data for table `tbl_student`
--

INSERT INTO `tbl_student` (`student_id`, `student_lname`, `student_fname`, `student_mname`, `entry_year`, `student_gender`) VALUES
(201310000, 'Drogo', 'Khal', 'Stormborn', 2013, 'M'),
(201311111, 'Borja', 'Muzzaine', 'Batman', 2013, 'F'),
(201320000, 'Esparrago', 'Mark', 'Palat', 2013, 'M'),
(201322222, 'Rodaje', 'Marknaf', 'Superman', 2013, 'M'),
(201330000, 'Gina', 'Kol', 'Mi', 2013, 'F'),
(201333333, 'Batman', 'Superwoman', 'Wonderman', 2013, 'M'),
(201340000, 'Calanza', 'Abegail', 'Leandicho', 2013, 'F'),
(201344444, 'Goliath', 'David', 'And', 2013, 'M'),
(201350000, 'Palag', 'Roberto', 'Polto', 2013, 'M'),
(201355555, 'Roldan', 'Regina', 'Torpa', 2013, 'F'),
(201410000, 'Tancioco', 'Eron', 'Cedeno', 2014, 'M'),
(201411111, 'Barola', 'Czyril Brian', 'Array', 2014, 'M'),
(201420000, 'Repol', 'Anabelle', 'Beranque', 2014, 'F'),
(201422222, 'Palon', 'Lois Jean', 'Mall', 2014, 'F'),
(201430000, 'Menpin', 'Renzo', 'Duenas', 2014, 'M'),
(201433333, 'Santiago', 'Aerron James', 'Oplan', 2014, 'M'),
(201440000, 'Calanza', 'Emil John', 'Florida', 2014, 'M'),
(201444444, 'Saldana', 'Roldan', 'Panuelos', 2014, 'M'),
(201450000, 'Conwi', 'Elaine Joy', 'Clemente', 2014, 'F'),
(201455555, 'Guanzon', 'Pamela Ann', 'Saldana', 2014, 'F'),
(201510000, 'Pacquiao', 'Manny', 'Pangilinan', 2015, 'M'),
(201511111, 'Uri', 'Patrick', 'Valak', 2015, 'M'),
(201520000, 'Villar', 'Manny', 'Ciconto', 2015, 'F'),
(201522222, 'Dimaculangan', 'Ronel Keith', 'Aling', 2015, 'M'),
(201530000, 'Cena', 'John', 'Kennedy', 2015, 'M'),
(201533333, 'Sevilla', 'Jocel', 'Volol', 2015, 'F'),
(201540000, 'Minaj', 'Nikki', 'Jynx', 2015, 'F'),
(201544444, 'Usigan', 'Lea May', 'Maligdong', 2015, 'F'),
(201550000, 'Bennett', 'Claire', 'Houston', 2015, 'F'),
(201555555, 'Leandicho', 'Abigail', 'Locsin', 2015, 'F'),
(201610000, 'Iverson', 'Clark', 'Bell', 2016, 'M'),
(201611111, 'Olea', 'Pamela', 'San Mateo', 2016, 'F'),
(201620000, 'Johnson', 'Dwayne', 'Rock', 2016, 'M'),
(201622222, 'Cambaliza', 'Alyannah', 'Alvarado', 2016, 'F'),
(201630000, 'Lazul', 'Lapis', 'Blue', 2016, 'F'),
(201633333, 'Macalinao', 'Ernesto', 'Diamante', 2016, 'M'),
(201640000, 'Ketchum', 'Ash', 'Del Monte', 2016, 'M'),
(201644444, 'Lopez', 'Joselito', 'Cunanan', 2016, 'F'),
(201650000, 'Yap', 'Athens', 'Kendra', 2016, 'F'),
(201655555, 'Derilo', 'Alexis', 'Eliano', 2016, 'F');

-- --------------------------------------------------------

--
-- Table structure for table `tbl_stud_location`
--

CREATE TABLE `tbl_stud_location` (
  `student_id` int(9) NOT NULL,
  `location_id` int(1) NOT NULL,
  `wala_lang` int(5) NOT NULL
) ENGINE=InnoDB DEFAULT CHARSET=latin1;

--
-- Dumping data for table `tbl_stud_location`
--

INSERT INTO `tbl_stud_location` (`student_id`, `location_id`, `wala_lang`) VALUES
(201310000, 1, 1),
(201311111, 1, 2),
(201320000, 2, 3),
(201322222, 2, 4),
(201330000, 2, 5),
(201333333, 2, 6),
(201340000, 1, 7),
(201344444, 1, 8),
(201350000, 1, 9),
(201355555, 1, 10),
(201410000, 1, 11),
(201411111, 1, 12),
(201420000, 1, 13),
(201422222, 1, 14),
(201430000, 1, 15),
(201433333, 1, 16),
(201440000, 2, 17),
(201444444, 1, 18),
(201450000, 1, 19),
(201455555, 1, 20),
(201510000, 1, 21),
(201511111, 2, 22),
(201520000, 1, 23),
(201522222, 1, 24),
(201530000, 1, 25),
(201533333, 1, 26),
(201540000, 1, 27),
(201544444, 1, 28),
(201550000, 2, 29),
(201555555, 1, 30),
(201610000, 2, 31),
(201611111, 1, 32),
(201620000, 2, 33),
(201622222, 1, 34),
(201630000, 1, 35),
(201633333, 1, 36),
(201640000, 1, 37),
(201644444, 1, 38),
(201650000, 1, 39),
(201655555, 2, 40);

-- --------------------------------------------------------

--
-- Table structure for table `tbl_stud_profile`
--

CREATE TABLE `tbl_stud_profile` (
  `student_id` int(9) NOT NULL,
  `alternate_email` varchar(75) NOT NULL,
  `contact_no` int(11) NOT NULL,
  `wala_lang_to` int(5) NOT NULL
) ENGINE=InnoDB DEFAULT CHARSET=latin1;

--
-- Dumping data for table `tbl_stud_profile`
--

INSERT INTO `tbl_stud_profile` (`student_id`, `alternate_email`, `contact_no`, `wala_lang_to`) VALUES
(201310000, '0', 0, 1),
(201311111, '0', 0, 2),
(201320000, '0', 0, 3),
(201322222, '0', 0, 4),
(201330000, '', 0, 5),
(201433333, '', 0, 6),
(201340000, '', 0, 7),
(201344444, '', 0, 8),
(201350000, '', 0, 9),
(201355555, '', 0, 10),
(201410000, '', 0, 11),
(201411111, '', 0, 12),
(201420000, '', 0, 13),
(201422222, '', 0, 14),
(201430000, '', 0, 15),
(201433333, '', 0, 16),
(201440000, '', 0, 17),
(201444444, '', 0, 18),
(201450000, '', 0, 19),
(201455555, '', 0, 20),
(201510000, '', 0, 21),
(201511111, '', 0, 22),
(201520000, '', 0, 23),
(201522222, '', 0, 24),
(201530000, '', 0, 25),
(201533333, '', 0, 26),
(201540000, '', 0, 27),
(201544444, '', 0, 28),
(201550000, '', 0, 29),
(201555555, '', 0, 30),
(201610000, '', 0, 31),
(201611111, '', 0, 32),
(201620000, '', 0, 33),
(201622222, '', 0, 34),
(201630000, '', 0, 35),
(201633333, '', 0, 36),
(201640000, '', 0, 37),
(201644444, '', 0, 38),
(201650000, '', 0, 39),
(201655555, '', 0, 40);

-- --------------------------------------------------------

--
-- Table structure for table `tbl_stud_program`
--

CREATE TABLE `tbl_stud_program` (
  `student_id` int(9) NOT NULL,
  `program_id` varchar(6) NOT NULL
) ENGINE=InnoDB DEFAULT CHARSET=latin1;

--
-- Dumping data for table `tbl_stud_program`
--

INSERT INTO `tbl_stud_program` (`student_id`, `program_id`) VALUES
(201310000, 'PRG111'),
(201311111, 'PRG111'),
(201320000, 'PRG111'),
(201322222, 'PRG111'),
(201330000, 'PRG111'),
(201333333, 'PRG111'),
(201340000, 'PRG111'),
(201344444, 'PRG111'),
(201350000, 'PRG111'),
(201355555, 'PRG111'),
(201410000, 'PRG112'),
(201411111, 'PRG112'),
(201420000, 'PRG112'),
(201422222, 'PRG112'),
(201430000, 'PRG112'),
(201433333, 'PRG112'),
(201440000, 'PRG112'),
(201444444, 'PRG112'),
(201450000, 'PRG112'),
(201455555, 'PRG112'),
(201510000, 'PRG211'),
(201511111, 'PRG211'),
(201520000, 'PRG211'),
(201522222, 'PRG211'),
(201530000, 'PRG211'),
(201533333, 'PRG211'),
(201540000, 'PRG211'),
(201544444, 'PRG211'),
(201550000, 'PRG211'),
(201555555, 'PRG211'),
(201610000, 'PRG212'),
(201611111, 'PRG212'),
(201620000, 'PRG212'),
(201622222, 'PRG212'),
(201630000, 'PRG212'),
(201633333, 'PRG212'),
(201640000, 'PRG212'),
(201644444, 'PRG212'),
(201650000, 'PRG212'),
(201655555, 'PRG212');

-- --------------------------------------------------------

--
-- Table structure for table `tbl_stud_status`
--

CREATE TABLE `tbl_stud_status` (
  `student_id` int(9) NOT NULL,
  `scholastic_status` varchar(20) NOT NULL,
  `academic_standing` varchar(20) NOT NULL,
  `year_level` int(1) NOT NULL,
  `student_type` varchar(20) NOT NULL,
  `acad_year` int(4) NOT NULL,
  `sem` int(1) NOT NULL,
  `wala` int(5) NOT NULL
) ENGINE=InnoDB DEFAULT CHARSET=latin1;

--
-- Dumping data for table `tbl_stud_status`
--

INSERT INTO `tbl_stud_status` (`student_id`, `scholastic_status`, `academic_standing`, `year_level`, `student_type`, `acad_year`, `sem`, `wala`) VALUES
(201310000, 'Good Standing', 'Non-Paying', 1, 'New', 2013, 1, 1),
(201310000, 'Good Standing', 'Non-Paying', 1, 'Old', 2013, 2, 2),
(201310000, 'Good Standing', 'Non-Paying', 2, 'Old', 2014, 1, 3),
(201310000, 'Probation', 'Paying', 2, 'Old', 2014, 2, 4),
(201310000, 'Good Standing', 'Non-Paying', 3, 'Old', 2015, 1, 5),
(201310000, 'Good Standing', 'Non-Paying', 3, 'Old', 2015, 2, 6),
(201310000, 'Good Standing', 'Non-Paying', 4, 'Old', 2016, 1, 7),
(201311111, 'Good Standing', 'Non-Paying', 1, 'New', 2013, 1, 8),
(201311111, 'Probation', 'Paying', 1, 'Old', 2013, 2, 9),
(201311111, 'Probation', 'Paying', 2, 'Old', 2014, 1, 10),
(201311111, 'Good Standing', 'Non-Paying', 2, 'Old', 2014, 2, 11),
(201311111, 'Good Standing', 'Non-Paying', 3, 'Old', 2015, 1, 12),
(201311111, 'Good Standing', 'Non-Paying', 3, 'Old', 2015, 2, 13),
(201311111, 'Good Standing', 'Non-Paying', 4, 'Old', 2016, 1, 14),
(201320000, 'Good Standing', 'Paying', 1, 'New', 2013, 1, 15),
(201320000, 'Good Standing', 'Paying', 1, 'Old', 2013, 2, 16),
(201320000, 'Good Standing', 'Paying', 2, 'Old', 2014, 1, 17),
(201320000, 'Good Standing', 'Paying', 2, 'Old', 2014, 2, 18),
(201320000, 'Good Standing', 'Paying', 3, 'Old', 2015, 1, 19),
(201320000, 'Good Standing', 'Paying', 3, 'Old', 2015, 2, 20),
(201320000, 'Good Standing', 'Paying', 4, 'Old', 2016, 1, 21),
(201322222, 'Good Standing', 'Paying', 1, 'New', 2013, 1, 22),
(201322222, 'Good Standing', 'Paying', 1, 'Old', 2013, 2, 23),
(201322222, 'Good Standing', 'Paying', 2, 'Old', 2014, 1, 24),
(201322222, 'Probation', 'Paying', 2, 'Old', 2014, 2, 25),
(201322222, 'Good Standing', 'Paying', 3, 'Old', 2015, 1, 26),
(201322222, 'Probation', 'Paying', 3, 'Old', 2015, 2, 27),
(201322222, 'Good Standing', 'Paying', 4, 'Old', 2016, 1, 28),
(201330000, 'Good Standing', 'Paying', 1, 'New', 2013, 1, 29),
(201330000, 'Good Standing', 'Paying', 1, 'Shifter', 2013, 2, 30),
(201330000, 'Good Standing', 'Paying', 2, 'Old', 2014, 1, 31),
(201330000, 'Good Standing', 'Paying', 2, 'Old', 2014, 2, 32),
(201330000, 'Good Standing', 'Paying', 3, 'Old', 2015, 1, 33),
(201330000, 'Probation', 'Paying', 3, 'Old', 2015, 2, 34),
(201330000, 'Probation', 'Paying', 4, 'Old', 2016, 1, 35),
(201333333, 'Good Standing', 'Paying', 1, 'New', 2013, 1, 36),
(201333333, 'Good Standing', 'Paying', 1, 'Old', 2013, 2, 37),
(201333333, 'Good Standing', 'Paying', 2, 'Old', 2014, 1, 38),
(201333333, 'Probation', 'Paying', 2, 'Old', 2014, 2, 39),
(201333333, 'Good Standing', 'Paying', 3, 'Old', 2015, 1, 40),
(201333333, 'Good Standing', 'Paying', 3, 'Old', 2015, 2, 41),
(201333333, 'Probation', 'Paying', 4, 'Old', 2016, 1, 42),
(201340000, 'Good Standing', 'Non-Paying', 1, 'New', 2013, 1, 43),
(201340000, 'Good Standing', 'Non-Paying', 1, 'Old', 2013, 2, 44),
(201340000, 'Good Standing', 'Non-Paying', 2, 'Old', 2014, 1, 45),
(201340000, 'Good Standing', 'Non-Paying', 2, 'Old', 2014, 2, 46),
(201340000, 'Good Standing', 'Non-Paying', 3, 'Old', 2015, 1, 47),
(201340000, 'Probation', 'Paying', 3, 'Old', 2015, 2, 48),
(201340000, 'Warning', 'Paying', 4, 'Old', 2016, 1, 49),
(201344444, 'Good Standing', 'Non-Paying', 1, 'New', 2013, 1, 50),
(201344444, 'Probation', 'Paying', 1, 'Old', 2013, 2, 51),
(201344444, 'Good Standing', 'Non-Paying', 2, 'Old', 2014, 1, 52),
(201344444, 'Good Standing', 'Non-Paying', 2, 'Old', 2014, 2, 53),
(201344444, 'Good Standing', 'Non-Paying', 3, 'Old', 2015, 1, 54),
(201344444, 'Good Standing', 'Non-Paying', 3, 'Old', 2015, 2, 55),
(201344444, 'Probation', 'Paying', 4, 'Old', 2016, 1, 56),
(201350000, 'Good Standing', 'Non-Paying', 1, 'New', 2013, 1, 57),
(201350000, 'Good Standing', 'Non-Paying', 1, 'Old', 2013, 2, 58),
(201350000, 'Probation', 'Paying', 2, 'Old', 2014, 1, 59),
(201350000, 'Probation', 'Paying', 2, 'Old', 2014, 2, 60),
(201350000, 'Good Standing', 'Non-Paying', 3, 'Old', 2015, 1, 61),
(201350000, 'Warning', 'Paying', 3, 'Old', 2015, 2, 62),
(201350000, 'Good Standing', 'Non-Paying', 4, 'Old', 2016, 1, 63),
(201355555, 'Good Standing', 'Non-Paying', 1, 'New', 2013, 1, 64),
(201355555, 'Probation', 'Paying', 1, 'Old', 2013, 2, 65),
(201355555, 'Good Standing', 'Non-Paying', 2, 'Old', 2014, 1, 66),
(201355555, 'Probation', 'Paying', 2, 'Old', 2014, 2, 67),
(201355555, 'Good Standing', 'Non-Paying', 3, 'Old', 2015, 1, 68),
(201355555, 'Good Standing', 'Non-Paying', 3, 'Old', 2015, 2, 69),
(201355555, 'Good Standing', 'Non-Paying', 4, 'Old', 2016, 1, 70),
(201410000, 'Good Standing', 'Non-Paying', 1, 'New', 2014, 1, 71),
(201410000, 'Good Standing', 'Non-Paying', 1, 'Old', 2014, 2, 72),
(201410000, 'Good Standing', 'Non-Paying', 2, 'Old', 2015, 1, 73),
(201410000, 'Good Standing', 'Non-Paying', 2, 'Old', 2015, 2, 74),
(201410000, 'Probation', 'Paying', 3, 'Old', 2016, 1, 75),
(201411111, 'Good Standing', 'Non-Paying', 1, 'New', 2014, 1, 76),
(201411111, 'Probation', 'Paying', 1, 'Old', 2014, 2, 77),
(201411111, 'Probation', 'Paying', 2, 'Old', 2015, 1, 78),
(201411111, 'Good Standing', 'Non-Paying', 2, 'Old', 2015, 2, 79),
(201411111, 'Warning', 'Paying', 3, 'Old', 2016, 1, 80),
(201420000, 'Good Standing', 'Non-Paying', 1, 'New', 2014, 1, 81),
(201420000, 'Probation', 'Paying', 1, 'Old', 2014, 2, 82),
(201420000, 'Probation', 'Paying', 2, 'Old', 2015, 1, 83),
(201420000, 'Good Standing', 'Non-Paying', 2, 'Old', 2015, 2, 84),
(201420000, 'Good Standing', 'Non-Paying', 3, 'Old', 2016, 1, 85),
(201422222, 'Good Standing', 'Non-Paying', 1, 'New', 2014, 1, 86),
(201422222, 'Good Standing', 'Non-Paying', 1, 'Old', 2014, 2, 87),
(201422222, 'Good Standing', 'Non-Paying', 2, 'Old', 2015, 1, 88),
(201422222, 'Good Standing', 'Non-Paying', 2, 'Old', 2015, 1, 89),
(201422222, 'Good Standing', 'Non-Paying', 3, 'Old', 2016, 1, 90),
(201430000, 'Probation', 'Paying', 1, 'New', 2014, 1, 91),
(201430000, 'Good Standing', 'Paying', 1, 'Old', 2014, 2, 92),
(201430000, 'Good Standing', 'Paying', 2, 'Old', 2015, 1, 93),
(201430000, 'Good Standing', 'Paying', 2, 'Old', 2015, 2, 94),
(201430000, 'Good Standing', 'Paying', 3, 'Old', 2016, 1, 95),
(201433333, 'Good Standing', 'Non-Paying', 1, 'New', 2014, 1, 96),
(201433333, 'Good Standing', 'Non-Paying', 1, 'Old', 2014, 2, 97),
(201433333, 'Warning', 'Paying', 2, 'Old', 2015, 1, 98),
(201433333, 'Good Standing', 'Non-Paying', 2, 'Old', 2015, 2, 99),
(201433333, 'Good Standing', 'Non-Paying', 3, 'Old', 2016, 1, 100),
(201440000, 'Good Standing', 'Paying', 1, 'New', 2014, 1, 101),
(201440000, 'Good Standing', 'Paying', 1, 'Old', 2014, 2, 102),
(201440000, 'Probation', 'Paying', 2, 'Old', 2015, 1, 103),
(201440000, 'Good Standing', 'Paying', 2, 'Old', 2015, 2, 104),
(201440000, 'Good Standing', 'Paying', 3, 'Old', 2016, 1, 105),
(201444444, 'Good Standing', 'Non-Paying', 1, 'New', 2014, 1, 106),
(201444444, 'Good Standing', 'Non-Paying', 1, 'Old', 2014, 2, 107),
(201444444, 'Good Standing', 'Non-Paying', 2, 'Old', 2015, 1, 108),
(201444444, 'Probation', 'Paying', 2, 'Old', 2015, 2, 109),
(201444444, 'Good Standing', 'Non-Paying', 3, 'Old', 2016, 1, 110),
(201450000, 'Probation', 'Paying', 1, 'New', 2014, 1, 111),
(201450000, 'Dismissed', 'Paying', 1, 'Old', 2014, 2, 112),
(201455555, 'Good Standing', 'Non-Paying', 1, 'New', 2014, 1, 113),
(201455555, 'Probation', 'Paying', 1, 'Old', 2014, 2, 114),
(201455555, 'Dismissed', 'Paying', 2, 'Old', 2015, 1, 115),
(201610000, 'Good Standing', 'Paying', 1, 'New', 2016, 1, 116),
(201611111, 'Warning', 'Paying', 1, 'New', 2016, 1, 117),
(201620000, 'Good Standing', 'Paying', 1, 'New', 2016, 1, 118),
(201622222, 'Good Standing', 'Non-Paying', 1, 'New', 2016, 1, 119),
(201630000, 'Good Standing', 'Non-Paying', 1, 'New', 2016, 1, 120),
(201633333, 'Probation', 'Paying', 1, 'New', 2016, 1, 121),
(201640000, 'Good Standing', 'Non-Paying', 1, 'New', 2016, 1, 122),
(201644444, 'Good Standing', 'Non-Paying', 1, 'New', 2016, 1, 123),
(201650000, 'Probation', 'Paying', 1, 'New', 2016, 1, 124),
(201655555, 'Good Standing', 'Paying', 1, 'New', 2016, 1, 125),
(201510000, 'Good Standing', 'Non-Paying', 1, 'New', 2015, 1, 126),
(201510000, 'Good Standing', 'Non-Paying', 1, 'Old', 2015, 2, 127),
(201510000, 'Probation', 'Paying', 2, 'Old', 2016, 1, 128),
(201511111, 'Probation', 'Paying', 1, 'New', 2015, 1, 129),
(201511111, 'Good Standing', 'Paying', 1, 'Old', 2015, 2, 130),
(201511111, 'Good Standing', 'Paying', 2, 'Old', 2016, 1, 131),
(201520000, 'Good Standing', 'Non-Paying', 1, 'New', 2015, 1, 132),
(201520000, 'Good Standing', 'Non-Paying', 1, 'Old', 2015, 2, 133),
(201520000, 'Good Standing', 'Non-Paying', 2, 'Old', 2016, 1, 134),
(201522222, 'Good Standing', 'Non-Paying', 1, 'New', 2015, 1, 135),
(201522222, 'Good Standing', 'Non-Paying', 1, 'Old', 2015, 2, 136),
(201522222, 'Good Standing', 'Non-Paying', 2, 'Old', 2016, 1, 137),
(201530000, 'Good Standing', 'Non-Paying', 1, 'New', 2015, 1, 138),
(201530000, 'Good Standing', 'Non-Paying', 1, 'Old', 2015, 2, 139),
(201530000, 'Good Standing', 'Non-Paying', 2, 'Old', 2016, 1, 140),
(201533333, 'Good Standing', 'Non-Paying', 1, 'New', 2015, 1, 141),
(201533333, 'Good Standing', 'Non-Paying', 1, 'Old', 2015, 2, 142),
(201533333, 'Probation', 'Paying', 2, 'Old', 2016, 1, 143),
(201540000, 'Good Standing', 'Non-Paying', 1, 'New', 2015, 1, 144),
(201540000, 'Good Standing', 'Non-Paying', 1, 'Old', 2015, 2, 145),
(201540000, 'Good Standing', 'Non-Paying', 2, 'Old', 2016, 1, 146),
(201544444, 'Good Standing', 'Non-Paying', 1, 'New', 2015, 1, 147),
(201544444, 'Good Standing', 'Non-Paying', 1, 'Old', 2015, 2, 148),
(201544444, 'Good Standing', 'Non-Paying', 2, 'Old', 2016, 1, 149),
(201550000, 'Good Standing', 'Paying', 1, 'New', 2015, 1, 150),
(201550000, 'Good Standing', 'Paying', 1, 'Old', 2015, 2, 151),
(201550000, 'Good Standing', 'Paying', 2, 'Old', 2016, 1, 152),
(201555555, 'Good Standing', 'Non-Paying', 1, 'New', 2015, 1, 153),
(201555555, 'Probation', 'Paying', 1, 'Old', 2015, 2, 154),
(201555555, 'Good Standing', 'Non-Paying', 2, 'Old', 2016, 1, 155);

-- --------------------------------------------------------

--
-- Table structure for table `tbl_subject`
--

CREATE TABLE `tbl_subject` (
  `subject_id` varchar(15) NOT NULL,
  `subject_code` varchar(15) NOT NULL,
  `subject_title` varchar(75) NOT NULL,
  `units` float(3,2) NOT NULL,
  `type` varchar(10) NOT NULL,
  `unit_id` int(15) NOT NULL
) ENGINE=InnoDB DEFAULT CHARSET=latin1;

--
-- Dumping data for table `tbl_subject`
--

INSERT INTO `tbl_subject` (`subject_id`, `subject_code`, `subject_title`, `units`, `type`, `unit_id`) VALUES
('SUB101-IT', 'ITD 101', 'Introduction to Information Technology', 3.00, 'Lecture', 0),
('SUB101-PolSci', 'ENG 101', 'English Proficiency I', 3.00, 'Lecture', 0),
('SUB101-PSY', 'ENG 102', 'English Literature', 3.00, 'Lecture', 0),
('SUB102-IT', 'ESC 102', 'College Algebra', 3.00, 'Lecture', 0),
('SUB102-PolSci', 'CHE 101', 'Chemistry I (LEC)', 3.00, 'Lecture', 0),
('SUB102-PSY', 'PHY 101', 'Physics I (LEC)', 3.00, 'Lecture', 0),
('SUB103-IT', 'FIL 103', 'Pagbasa at Pagsulat Tungo sa Pananaliksik', 3.00, 'Lecture', 0),
('SUB103-PolSci', 'CHE 101.1', 'Chemistry I (LAB)', 1.00, 'Laboratory', 0),
('SUB103-PSY', 'PHY 101.1', 'Physics I (LAB)', 1.00, 'Laboratory', 0),
('SUB104-IT', 'CSC 104', 'Presentation Skills', 3.00, 'Lecture', 0),
('SUB104-PolSci', 'ESC 101', 'Solid Mensuration', 3.00, 'Lecture', 0),
('SUB104-PSY', 'ESC 104', 'Trigonometry', 3.00, 'Lecture', 0),
('SUB105-IT', 'ENG 105', 'Technical Communication', 3.00, 'Lecture', 0),
('SUB105-PolSci', 'CHE 111', 'Chemistry II (LEC)', 3.00, 'Lecture', 0),
('SUB105-PSY', 'PHY 111', 'Physics II (LEC)', 3.00, 'Lecture', 0),
('SUB106-IT', 'ESC 106', 'Analytic Geometry', 3.00, 'Lecture', 0),
('SUB106-PolSci', 'CHE 111.1', 'Chemistry II (LAB)', 1.00, 'Laboratory', 0),
('SUB106-PSY', 'PHY 111.1', 'Physics II (LAB)', 1.00, 'Laboratory', 0),
('SUB201-IT', 'CSC 201', 'Fundamentals of Problem Solving and Programming I (LEC)', 2.00, 'Lecture', 0),
('SUB201-PolSci', 'ENG 201', 'Rhetoric', 3.00, 'Lecture', 0),
('SUB201-PSY', 'ENG 202', 'English Proficiency II', 3.00, 'Lecture', 0),
('SUB202-IT', 'CSC 201.1', 'Fundamentals of Problem Solving and Programming I (LAB)', 1.00, 'Laboratory', 0),
('SUB202-PolSci', 'ESC 103', 'Advanced Algebra', 3.00, 'Lecture', 0),
('SUB202-PSY', 'ESC 201', 'Introduction to Mathematics', 3.00, 'Lecture', 0),
('SUB203-IT', 'ESC 213', 'Differential Calculus', 4.00, 'Lecture', 0),
('SUB203-PolSci', 'PS 201', 'Introduction to Politics', 3.00, 'Lecture', 0),
('SUB203-PSY', 'PSY 101', 'Introduction to Psychology', 3.00, 'Lecture', 0),
('SUB204-IT', 'CSC 211', 'Fundamentals of Problem Solving and Programming II (LEC)', 2.00, 'Lecture', 0),
('SUB204-PolSci', 'SOCSCI 201', 'History of Philippine Constitution', 3.00, 'Lecture', 0),
('SUB204-PSY', 'SOCSCI 202', 'Philippine Literature', 3.00, 'Lecture', 0),
('SUB205-IT', 'CSC 211.1', 'Fundamentals of Problem Solving and Programming II (LAB)', 1.00, 'Laboratory', 0),
('SUB205-PolSci', 'PS 202', 'Fundamentals of Political Science', 3.00, 'Lecture', 0),
('SUB205-PSY', 'PSY 102', 'Fundamentals of Psychology', 3.00, 'Lecture', 0),
('SUB206-IT', 'ESC 223', 'Integral Calculus', 3.00, 'Lecture', 0),
('SUB206-PolSci', 'PS 203', 'Modern Political Theories', 3.00, 'Lecture', 0),
('SUB206-PSY', 'PSY 111', 'General Psychology', 3.00, 'Lecture', 0),
('SUB301-IT', 'CSC 311', 'System Analysis and Design', 3.00, 'Lecture', 0),
('SUB301-PolSci', 'PS 301', 'Philippine Public Administration', 3.00, 'Lecture', 0),
('SUB301-PSY', 'SOSCI 301', 'Art Appreciation', 3.00, 'Lecture', 0),
('SUB302-CS', 'CSC 221', 'File Organization (LEC)', 2.00, 'Lecture', 0),
('SUB302-IT', 'ITD 312', 'Information Resource Management', 3.00, 'Lecture', 0),
('SUB302-PolSci', 'PS 302', 'Politics and Governance with Philippine Constitution', 3.00, 'Lecture', 0),
('SUB302-PSY', 'PSY 301', 'Developmental Psychology', 3.00, 'Lecture', 0),
('SUB303-CS', 'CSC 221.1', 'File Organization (LAB)', 1.00, 'Laboratory', 0),
('SUB303-IT', 'ITD 313', 'Quality Standards and Management', 3.00, 'Lecture', 0),
('SUB303-PolSci', 'PS 303', 'Society and Culture with Family Planning', 3.00, 'Lecture', 0),
('SUB303-PSY', 'PSY 302', 'Theories of Personality', 3.00, 'Lecture', 0),
('SUB304-CS', 'CSC 331', 'Application of Java (LEC)', 2.00, 'Lecture', 0),
('SUB304-IT', 'ITD 321', 'Fourth Generation Languages (LEC)', 2.00, 'Lecture', 0),
('SUB304-PolSci', 'PS 304', 'Art, Man and Society', 3.00, 'Lecture', 0),
('SUB304-PSY', 'PSY 303', 'Abnormal Psychology', 3.00, 'Lecture', 0),
('SUB305-CS', 'CSC 331.1', 'Application of Java (LAB)', 1.00, 'Lecture', 0),
('SUB305-IT', 'ITD 321.1', 'Fourth Generation Languages (LAB)', 1.00, 'Laboratory', 0),
('SUB305-PolSci', 'PS 305', 'History of Philippine Arts', 3.00, 'Lecture', 0),
('SUB305-PSY', 'PSY 304', 'Experimental Psychology', 3.00, 'Lecture', 0),
('SUB306-CS', 'FIL 22', 'Buhay at Sinulat ni Rizal', 3.00, 'Lecture', 0),
('SUB306-PolSci', 'PS 306', 'History of Philippines', 3.00, 'Lecture', 0),
('SUB306-PSY', 'PSY 305', 'Psychological Testing', 3.00, 'Lecture', 0),
('SUB401-CS', 'CSC 401', 'CS Elective I (LEC)', 2.00, 'Lecture', 0),
('SUB401-IT', 'ITD 401', 'IT Elective I (LEC)', 2.00, 'Lecture', 0),
('SUB401-PolSci', 'PS 401', 'Government and Politics of South-East Asia', 3.00, 'Lecture', 0),
('SUB401-PSY', 'PSY 401', 'Cognitive Psychology', 3.00, 'Lecture', 0),
('SUB402-CS', 'CSC 401.1', 'CS Elective I (LAB)', 1.00, 'Laboratory', 0),
('SUB402-IT', 'ITD 401.1', 'IT Elective I (LAB)', 1.00, 'Laboratory', 0),
('SUB402-PolSci', 'PS 402', 'Introduction to Political Analysis', 3.00, 'Lecture', 0),
('SUB402-PSY', 'PSY 402', 'Consumer Psychology', 3.00, 'Lecture', 0),
('SUB403-CS', 'CSC 512', 'Introduction to Thesis Writing', 4.00, 'Lecture', 0),
('SUB403-IT', 'ITD 400', 'Introduction to Mobile Application', 4.00, 'Lecture', 0),
('SUB403-PolSci', 'PS 403', 'Introduction to International Relations', 3.00, 'Lecture', 0),
('SUB403-PSY', 'PSY 403', 'Human Resource Analytics', 3.00, 'Lecture', 0),
('SUB404-CS', 'CSC 411', 'CS Elective II (LEC)', 2.00, 'Lecture', 0),
('SUB404-IT', 'ITD 421', 'IT Elective II (LEC)', 2.00, 'Lecture', 0),
('SUB404-PolSci', 'PS 404', 'Ancient and Medieval Political Theories', 3.00, 'Lecture', 0),
('SUB404-PSY', 'PSY 404', 'Industrial Psychology and Counseling', 3.00, 'Lecture', 0),
('SUB405-CS', 'CSC 411.1', 'CS Elective II (LAB)', 1.00, 'Laboratory', 0),
('SUB405-IT', 'ITD 421.1', 'IT Elective II (LAB)', 1.00, 'Laboratory', 0),
('SUB405-PolSci', 'PS 405', 'International and Regional Organizations', 3.00, 'Lecture', 0),
('SUB405-PSY', 'PSY 405', 'Principles of Guidance and Counseling', 3.00, 'Lecture', 0),
('SUB406-IT', 'ITD 406', 'Application of Thesis Writing', 5.00, 'Lecture', 0),
('SUB406-PolSci', 'PS 406', 'Quantitative Analysis of Data', 3.00, 'Lecture', 0),
('SUB406-PSY', 'PSY 406', 'Filipino Psychology', 3.00, 'Lecture', 0);

-- --------------------------------------------------------

--
-- Table structure for table `tbl_syllabus`
--

CREATE TABLE `tbl_syllabus` (
  `program_id` varchar(6) NOT NULL,
  `subject_title` varchar(75) NOT NULL,
  `acad_year` int(4) NOT NULL,
  `sem` int(1) NOT NULL,
  `wala_lang` varchar(5) NOT NULL
) ENGINE=InnoDB DEFAULT CHARSET=latin1;

--
-- Dumping data for table `tbl_syllabus`
--

INSERT INTO `tbl_syllabus` (`program_id`, `subject_title`, `acad_year`, `sem`, `wala_lang`) VALUES
('PRG111', 'Introduction to Information Technology', 2013, 1, '1'),
('PRG111', 'Fundamentals of Problem Solving and Programming II (LEC)', 2014, 2, '10'),
('PRG111', 'Fundamentals of Problem Solving and Programming II (LAB)', 2014, 2, '11'),
('PRG111', 'Integral Calculus', 2014, 2, '12'),
('PRG111', 'System Analysis and Design', 2015, 1, '13'),
('PRG111', 'Information Resource Management', 2015, 1, '14'),
('PRG111', 'Quality Standards and Management', 2015, 1, '15'),
('PRG111', 'Fourth Generation Languages (LEC)', 2015, 2, '16'),
('PRG111', 'Fourth Generation Languages (LAB)', 2015, 2, '17'),
('PRG111', 'Society and Culture with Family Planning', 2015, 2, '18'),
('PRG111', 'IT Elective I (LEC)', 2016, 1, '19'),
('PRG111', 'College Algebra', 2013, 1, '2'),
('PRG111', 'IT Elective I (LAB)', 2016, 1, '20'),
('PRG111', 'Introduction to Mobile Application', 2016, 1, '21'),
('PRG111', 'IT Elective II (LEC)', 2016, 2, '22'),
('PRG111', 'IT Elective II (LAB)', 2016, 2, '23'),
('PRG111', 'Application of Thesis Writing', 2016, 2, '24'),
('PRG112', 'Introduction to Information Technology', 2014, 1, '25'),
('PRG112', 'College Algebra', 2014, 1, '26'),
('PRG112', 'Pagbasa at Pagsulat Tungo sa Pananaliksik', 2014, 1, '27'),
('PRG112', 'Presentation Skills', 2014, 2, '28'),
('PRG112', 'Technical Communication', 2014, 2, '29'),
('PRG111', 'Pagbasa at Pagsulat Tungo sa Pananaliksik', 2013, 1, '3'),
('PRG112', 'Analytic Geometry', 2014, 2, '30'),
('PRG112', 'Fundamentals of Problem Solving and Programming I (LEC)', 2015, 1, '31'),
('PRG112', 'Fundamentals of Problem Solving and Programming I (LAB)', 2015, 1, '32'),
('PRG112', 'Differential Calculus', 2015, 1, '33'),
('PRG112', 'Fundamentals of Problem Solving and Programming II (LEC)', 2015, 2, '34'),
('PRG112', 'Fundamentals of Problem Solving and Programming II (LAB)', 2015, 2, '35'),
('PRG112', 'Integral Calculus', 2015, 2, '36'),
('PRG112', 'System Analysis and Design', 2016, 1, '37'),
('PRG112', 'File Organization (LEC)', 2016, 1, '38'),
('PRG112', 'File Organization (LAB)', 2016, 1, '39'),
('PRG111', 'Presentation Skills', 2013, 2, '4'),
('PRG112', 'Application of Java (LEC)', 2016, 2, '40'),
('PRG112', 'Application of Java (LAB)', 2016, 2, '41'),
('PRG112', 'Buhay at Sinulat ni Rizal', 2016, 2, '42'),
('PRG112', 'CS Elective I (LEC)', 2017, 1, '43'),
('PRG112', 'CS Elective I (LAB)', 2017, 1, '44'),
('PRG112', 'Introduction to Thesis Writing', 2017, 1, '45'),
('PRG112', 'CS Elective II (LEC)', 2017, 2, '46'),
('PRG112', 'CS Elective II (LAB)', 2017, 2, '47'),
('PRG112', 'Application of Thesis Writing', 2017, 2, '48'),
('PRG211', 'English Proficiency I', 2015, 1, '49'),
('PRG111', 'Technical Communication', 2013, 2, '5'),
('PRG211', 'Chemistry I (LEC)', 2015, 1, '50'),
('PRG211', 'Chemistry I (LAB)', 2015, 1, '51'),
('PRG211', 'Solid Mensuration', 2015, 2, '52'),
('PRG211', 'Chemistry II (LEC)', 2015, 2, '53'),
('PRG211', 'Chemistry II (LAB)', 2015, 2, '54'),
('PRG211', 'Rhetoric', 2016, 1, '55'),
('PRG211', 'Advanced Algebra', 2016, 1, '56'),
('PRG211', 'Introduction to Politics', 2016, 1, '57'),
('PRG211', 'History of Philippine Constitution', 2016, 2, '58'),
('PRG211', 'Fundamentals of Political Science', 2016, 2, '59'),
('PRG111', 'Analytic Geometry', 2013, 2, '6'),
('PRG211', 'Modern Political Theories', 2016, 2, '60'),
('PRG211', 'Philippine Public Administration', 2017, 1, '61'),
('PRG211', 'Politics and Governance with Philippine Constitution', 2017, 1, '62'),
('PRG211', 'Society and Culture with Family Planning', 2017, 1, '63'),
('PRG211', 'Art, Man and Society', 2017, 2, '64'),
('PRG211', 'History of Philippine Arts', 2017, 2, '65'),
('PRG211', 'History of Philippines', 2017, 2, '66'),
('PRG211', 'Government and Politics of South-East Asia', 2018, 1, '67'),
('PRG211', 'Introduction to Political Analysis', 2018, 1, '68'),
('PRG211', 'Introduction to International Relations', 2018, 1, '69'),
('PRG111', 'Fundamentals of Problem Solving and Programming I (LEC)', 2014, 1, '7'),
('PRG211', 'Ancient and Medieval Political Theories', 2018, 2, '70'),
('PRG211', 'International and Regional Organizations', 2018, 2, '71'),
('PRG211', 'Quantitative Analysis of Data', 2018, 2, '72 '),
('PRG212', 'English Literature', 2016, 1, '73'),
('PRG212', 'Physics I (LEC)', 2016, 1, '74'),
('PRG212', 'Physics I (LAB)', 2016, 1, '75'),
('PRG212', 'Trigonometry', 2016, 2, '76'),
('PRG212', 'Physics II (LEC)', 2016, 2, '77'),
('PRG212', 'Physics II (LAB)', 2016, 2, '78'),
('PRG212', 'English Proficiency II', 2017, 1, '79'),
('PRG111', 'Fundamentals of Problems Solving and Programming I (LAB)', 2014, 1, '8'),
('PRG212', 'Introduction to Mathematics', 2017, 1, '80'),
('PRG212', 'Introduction to Psychology', 2017, 1, '81'),
('PRG212', 'Philippine Literature', 2017, 2, '82'),
('PRG212', 'Fundamentals of Psychology', 2017, 2, '83'),
('PRG212', 'General Psychology', 2017, 2, '84'),
('PRG212', 'Art Appreciation', 2018, 1, '85'),
('PRG212', 'Developmental Psychology', 2018, 1, '86'),
('PRG212', 'Theories of Personality', 2018, 1, '87'),
('PRG212', 'Abnormal Psychology', 2018, 2, '88'),
('PRG212', 'Experimental Psychology', 2018, 2, '89'),
('PRG111', 'Differential Calculus', 2014, 1, '9'),
('PRG212', 'Psychological Testing', 2018, 2, '90'),
('PRG212', 'Cognitive Psychology', 2019, 1, '91'),
('PRG212', 'Consumer Psychology', 2019, 1, '92'),
('PRG212', 'Human Resource Analytics', 2019, 1, '93'),
('PRG212', 'Industrial Psychology and Counseling', 2019, 2, '94'),
('PRG212', 'Principles of Guidance and Counseling', 2019, 2, '95'),
('PRG212', 'Filipino Psychology', 2019, 2, '96');

-- --------------------------------------------------------

--
-- Table structure for table `tbl_user`
--

CREATE TABLE `tbl_user` (
  `user_id` varchar(6) NOT NULL,
  `user_name` varchar(50) NOT NULL,
  `user_level` varchar(11) NOT NULL
) ENGINE=InnoDB DEFAULT CHARSET=latin1;

--
-- Dumping data for table `tbl_user`
--

INSERT INTO `tbl_user` (`user_id`, `user_name`, `user_level`) VALUES
('USR101', 'admin@plm.edu.ph', 'Admin'),
('USR102', 'vpaa@plm.edu.ph', 'VPAA'),
('USR103', 'facdn1@plm.edu.ph', 'Dean'),
('USR104', 'facdn2@plm.edu.ph', 'Dean'),
('USR105', 'facdn3@plm.edu.ph', 'Dean'),
('USR106', 'faccp1@plm.edu.ph', 'Chairperson'),
('USR107', 'faccp2@plm.edu.ph', 'Chairperson'),
('USR108', 'faccp3@plm.edu.ph', 'Chairperson'),
('USR109', 'faccp4@plm.edu.ph', 'Chairperson'),
('USR110', 'faccp5@plm.edu.ph', 'Chairperson'),
('USR111', 'faccp6@plm.edu.ph', 'Chairperson'),
('USR112', 'fac101@plm.edu.ph', 'Faculty'),
('USR113', 'fac102@plm.edu.ph', 'Faculty'),
('USR114', 'fac103@plm.edu.ph', 'Faculty'),
('USR115', 'fac104@plm.edu.ph', 'Faculty'),
('USR116', 'fac105@plm.edu.ph', 'Faculty'),
('USR117', 'fac106@plm.edu.ph', 'Faculty'),
('USR118', 'fac201@plm.edu.ph', 'Faculty'),
('USR119', 'fac202@plm.edu.ph', 'Faculty'),
('USR120', 'fac203@plm.edu.ph', 'Faculty'),
('USR121', 'fac204@plm.edu.ph', 'Faculty'),
('USR122', 'fac205@plm.edu.ph', 'Faculty'),
('USR123', 'fac206@plm.edu.ph', 'Faculty'),
('USR124', 'fac301@plm.edu.ph', 'Faculty'),
('USR125', 'fac302@plm.edu.ph', 'Faculty'),
('USR126', 'fac303@plm.edu.ph', 'Faculty'),
('USR127', 'fac304@plm.edu.ph', 'Faculty'),
('USR128', 'fac305@plm.edu.ph', 'Faculty'),
('USR129', 'fac306@plm.edu.ph', 'Faculty'),
('USR130', '201410000', 'Student'),
('USR131', '201411111', 'Student'),
('USR132', '201420000', 'Student'),
('USR133', '201422222', 'Student'),
('USR134', '201430000', 'Student'),
('USR135', '201433333', 'Student'),
('USR136', '201440000', 'Student'),
('USR137', '201444444', 'Student'),
('USR138', '201450000', 'Student'),
('USR139', '201455555', 'Student'),
('USR140', '201510000', 'Student'),
('USR141', '201511111', 'Student'),
('USR142', '201520000', 'Student'),
('USR143', '201522222', 'Student'),
('USR144', '201530000', 'Student'),
('USR145', '201533333', 'Student'),
('USR146', '201540000', 'Student'),
('USR147', '201544444', 'Student'),
('USR148', '201550000', 'Student'),
('USR149', '201555555', 'Student'),
('USR150', '201610000', 'Student'),
('USR151', '201611111', 'Student'),
('USR152', '201620000', 'Student'),
('USR153', '201622222', 'Student'),
('USR154', '201630000', 'Student'),
('USR155', '201633333', 'Student'),
('USR156', '201640000', 'Student'),
('USR157', '201644444', 'Student'),
('USR158', '201650000', 'Student'),
('USR159', '201655555', 'Student');

-- --------------------------------------------------------

--
-- Table structure for table `tbl_user_password`
--

CREATE TABLE `tbl_user_password` (
  `user_id` varchar(6) NOT NULL,
  `password` varchar(50) NOT NULL
) ENGINE=InnoDB DEFAULT CHARSET=latin1;

--
-- Dumping data for table `tbl_user_password`
--

INSERT INTO `tbl_user_password` (`user_id`, `password`) VALUES
('USR101', 'default'),
('USR102', 'default'),
('USR103', 'default'),
('USR104', 'default'),
('USR105', 'default'),
('USR106', 'default'),
('USR107', 'default'),
('USR108', 'default'),
('USR109', 'default'),
('USR110', 'default'),
('USR111', 'default'),
('USR112', 'default'),
('USR113', 'default'),
('USR114', 'default'),
('USR115', 'default'),
('USR116', 'default'),
('USR117', 'default'),
('USR118', 'default'),
('USR119', 'default'),
('USR120', 'default'),
('USR121', 'default'),
('USR122', 'default'),
('USR123', 'default'),
('USR124', 'default'),
('USR125', 'default'),
('USR126', 'default'),
('USR127', 'default'),
('USR128', 'default'),
('USR129', 'default'),
('USR130', 'default'),
('USR131', 'default'),
('USR132', 'default'),
('USR133', 'default'),
('USR134', 'default'),
('USR135', 'default'),
('USR136', 'default'),
('USR137', 'default'),
('USR138', 'default'),
('USR139', 'default'),
('USR140', 'default'),
('USR141', 'default'),
('USR142', 'default'),
('USR143', 'default'),
('USR144', 'default'),
('USR145', 'default'),
('USR146', 'default'),
('USR147', 'default'),
('USR148', 'default'),
('USR149', 'default'),
('USR150', 'default'),
('USR151', 'default'),
('USR152', 'default'),
('USR153', 'default'),
('USR154', 'default'),
('USR155', 'default'),
('USR156', 'default'),
('USR157', 'default'),
('USR158', 'default'),
('USR159', 'default');

--
-- Indexes for dumped tables
--

--
-- Indexes for table `tbl_admin`
--
ALTER TABLE `tbl_admin`
  ADD PRIMARY KEY (`admin_id`);

--
-- Indexes for table `tbl_classes`
--
ALTER TABLE `tbl_classes`
  ADD PRIMARY KEY (`class_id`);

--
-- Indexes for table `tbl_college`
--
ALTER TABLE `tbl_college`
  ADD PRIMARY KEY (`college_id`);

--
-- Indexes for table `tbl_department`
--
ALTER TABLE `tbl_department`
  ADD PRIMARY KEY (`dept_id`);

--
-- Indexes for table `tbl_designation`
--
ALTER TABLE `tbl_designation`
  ADD PRIMARY KEY (`designation_id`);

--
-- Indexes for table `tbl_faculty`
--
ALTER TABLE `tbl_faculty`
  ADD PRIMARY KEY (`faculty_id`);

--
-- Indexes for table `tbl_grades`
--
ALTER TABLE `tbl_grades`
  ADD PRIMARY KEY (`wala_to`);

--
-- Indexes for table `tbl_location`
--
ALTER TABLE `tbl_location`
  ADD PRIMARY KEY (`location_id`);

--
-- Indexes for table `tbl_program`
--
ALTER TABLE `tbl_program`
  ADD PRIMARY KEY (`program_id`);

--
-- Indexes for table `tbl_registrar`
--
ALTER TABLE `tbl_registrar`
  ADD PRIMARY KEY (`registrar_id`);

--
-- Indexes for table `tbl_room`
--
ALTER TABLE `tbl_room`
  ADD PRIMARY KEY (`room_id`);

--
-- Indexes for table `tbl_student`
--
ALTER TABLE `tbl_student`
  ADD PRIMARY KEY (`student_id`);

--
-- Indexes for table `tbl_stud_location`
--
ALTER TABLE `tbl_stud_location`
  ADD PRIMARY KEY (`wala_lang`);

--
-- Indexes for table `tbl_stud_profile`
--
ALTER TABLE `tbl_stud_profile`
  ADD PRIMARY KEY (`wala_lang_to`);

--
-- Indexes for table `tbl_stud_program`
--
ALTER TABLE `tbl_stud_program`
  ADD PRIMARY KEY (`student_id`);

--
-- Indexes for table `tbl_stud_status`
--
ALTER TABLE `tbl_stud_status`
  ADD PRIMARY KEY (`wala`);

--
-- Indexes for table `tbl_subject`
--
ALTER TABLE `tbl_subject`
  ADD PRIMARY KEY (`subject_id`);

--
-- Indexes for table `tbl_syllabus`
--
ALTER TABLE `tbl_syllabus`
  ADD PRIMARY KEY (`wala_lang`);

--
-- Indexes for table `tbl_user`
--
ALTER TABLE `tbl_user`
  ADD PRIMARY KEY (`user_id`);

--
-- Indexes for table `tbl_user_password`
--
ALTER TABLE `tbl_user_password`
  ADD PRIMARY KEY (`user_id`);

/*!40101 SET CHARACTER_SET_CLIENT=@OLD_CHARACTER_SET_CLIENT */;
/*!40101 SET CHARACTER_SET_RESULTS=@OLD_CHARACTER_SET_RESULTS */;
/*!40101 SET COLLATION_CONNECTION=@OLD_COLLATION_CONNECTION */;
